"","site_id","treatment","year","plot_id","flux_date","flux_julian_day","treatment_if_other","c_loss","leap_year","season","flux_id","stand_plot_id","co2","co2_unit","co2_freq","co2_slope","co2_r2","ch4","ch4_unit","ch4_freq","ch4_slope","ch4_dir","ch4_r2","par","par_unit","air_temp","air_temp_unit","soil_temp","soil_temp_unit","soil_temp_depth","soil_moist","soil_moist_unit","soil_moist_depth","water_table","water_table_unit","thaw","thaw_unit","ndvi","co2_raw","co2_raw_r2","co2_raw_unit","co2_raw_freq","co2_raw_slope","ch4_raw","ch4_raw_r2","ch4_raw_unit","ch4_raw_freq","ch4_raw_slope","ch4_raw_dir","soil_temp_1","soil_temp_unit_1","soil_temp_depth_1","soil_temp_2","soil_temp_unit_2","soil_temp_depth_2","soil_temp_3","soil_temp_unit_3","soil_temp_depth_3","soil_moist_2","soil_moist_unit_2","soil_moist_depth_2","temp_inside_chamber","temp_inside_chamber_unit","temp_inside_chamber_depth","n_coord_plot","e_coord_plot","soil_moist_plot","soil_moist_unit_plot","soil_moist_year_plot","soil_moist_info_plot","som_1_plot","som_1_year_plot","som_1_info_plot","som_1_unit_plot","som_2_plot","som_2_year_plot","som_2_info_plot","som_2_unit_plot","son_1_plot","son_1_info_plot","son_1_unit_plot","son_1_year_plot","son_2_plot","son_2_info_plot","son_2_unit_plot","son_2_year_plot","soc_1_plot","soc_1_info_plot","soc_1_unit_plot","soc_1_year_plot","soc_2_plot","soc_2_info_plot","soc_2_unit_plot","soc_2_year_plot","c_n_1_plot","c_n_1_info_plot","c_n_1_year_plot","c_n_2_plot","c_n_2_info_plot","c_n_2_year_plot","p_hh2o_1_plot","p_hh2o_1_info_plot","p_hh2o_1_year_plot","p_hh2o_2_plot","p_hh2o_2_info_plot","p_hh2o_2_year_plot","bulk_dens_1_plot","bulk_dens_1_info_plot","bulk_dens_1_unit_plot","bulk_dens_1_year_plot","bulk_dens_2_plot","bulk_dens_2_info_plot","bulk_dens_2_unit_plot","bulk_dens_2_year_plot","org_layer_depth_plot","org_layer_depth_unit_plot","org_layer_depth_year_plot","snow_depth_plot","snow_depth_unit_plot","snow_depth_year_plot","thaw_depth_plot","thaw_depth_year_plot","thaw_depth_unit_plot","biomass_plot","biomass_info_plot","biomass_unit_plot","biomass_year_plot","community_mean_plant_height_plot","community_mean_plant_height_info_plot","community_mean_plant_height_unit_plot","community_mean_plant_height_year_plot","deciduous_shrubs_plot","deciduous_shrubs_info_plot","deciduous_shrubs_unit_plot","deciduous_shrubs_year_plot","evergreen_shrubs_plot","evergreen_shrubs_info_plot","evergreen_shrubs_unit_plot","evergreen_shrubs_year_plot","forbs_plot","forbs_info_plot","forbs_unit_plot","forbs_year_plot","graminoids_plot","graminoids_info_plot","graminoids_unit_plot","graminoids_year_plot","lichens_plot","lichens_info_plot","lichens_unit_plot","lichens_year_plot","mosses_plot","mosses_info_plot","mosses_unit_plot","mosses_year_plot","total_vascular_gram_forb_shrub_plot","total_vascular_gram_forb_shrub_unit_plot","bacterial_bm_dna_plot","bacterial_bm_dna_info_plot","bacterial_bm_dna_unit_plot","bacterial_bm_dna_year_plot","bacterial_bm_weight_plot","bacterial_bm_weight_info_plot","bacterial_bm_weight_unit_plot","bacterial_bm_weight_year_plot","fungal_bm_dna_plot","fungal_bm_dna_info_plot","fungal_bm_dna_unit_plot","fungal_bm_dna_year_plot","fungal_bm_weight_plot","fungal_bm_weight_info_plot","fungal_bm_weight_unit_plot","fungal_bm_weight_year_plot","f_b_ratio_plot","f_b_ratio_info_plot","f_b_ratio_unit_plot","f_b_ratio_year_plot","ndvi_plot","n_coord_site","e_coord_site","mean_annual_temperature_site","mean_july_temperature_site","mean_february_temperature_site","mean_annual_precipitation_site","zone_site","altitude_site","veg_type_site","veg_class_site","soil_type_site","p_h_type_site","pf_site","pf_region_site","parent_mat_site","parent_mat_other_site","soil_moist_cat_site","ol_d_site","alt_site","ambient_snow_d_site","experiment_name_site","weath_stat_method","weath_stat_loc_method","comm_env_method","er_analysis_method","er_duration_method","er_machine_method","er_machine_type_method","er_mm_method","er_otc_removal_method","er_time_method","meth_analysis_method","meth_duration_method","meth_machine_method","meth_machine_type_method","meth_mm_method","meth_otc_removal_method","meth_time_method","exp_warming_type_method","tot_plots_method","tot_otcs_method","tot_snowfences_method","tot_otcxsnowfences_method","tot_controls_method","nr_snowfences_method","plot_size_method","flux_plot_size_method","otc_height_method","exp_start_method","exp_warming_start_method","exp_end_method","comm_exp_method","comm_manip_method","month"
"1","ALA_1","CTL",17768,17768,17768,17768,17768,17768,17768,17768,17768,0,17768,17768,17768,17768,12179,0,9644,9644,9644,9644,0,17768,17768,17768,17768,17768,17768,17768,12493,17768,17768,17768,17768,17768,17768,0,17768,12179,17768,17768,17768,0,0,9644,9644,9644,9644,0,0,0,0,0,0,0,0,0,0,0,0,0,0,0,17768,17768,3923,17768,17768,0,0,17768,0,0,0,17768,0,0,4607,17768,17768,17768,4402,17768,17768,17768,4607,17768,17768,17768,3617,17768,17768,17768,4607,17768,17768,4402,17768,17768,0,0,17768,0,0,17768,4607,17768,17768,17768,3923,17768,17768,17768,17768,17768,17768,17768,17768,17768,17768,17768,17768,17768,17768,17768,17768,429,429,429,429,17768,17768,17768,17768,17768,17768,17768,17768,17768,17768,17768,17768,17768,17768,17768,17768,17768,17768,17768,17768,17768,17768,17768,17768,12284,17768,0,0,0,0,0,0,0,0,0,0,0,0,0,0,0,0,0,0,0,0,0,17768,17768,17768,17768,17768,17768,0,0,0,0,0,0,0,0,0,0,0,0,0,0,0,17768,0,0,0,0,0,0,0,0,0,0,0,0,0,0,0,0,17768,17768,17768,17768,17768,17768,17768,17768,17768,17768,17768,17768,0,0,0,17768
"2","ALA_1","OTC",11865,11865,11865,11865,11865,11865,11865,11865,11865,0,11865,11865,11865,11865,6802,0,6161,6161,6161,6161,0,11865,11865,11865,11865,11824,11865,11865,6662,11865,11865,11865,11865,11865,11865,0,11865,6802,11865,11865,11865,0,0,6161,6161,6161,6161,0,0,0,0,0,0,0,0,0,0,0,0,0,0,0,11865,11865,3621,11865,11865,0,0,11865,0,0,0,11865,0,0,3621,11865,11865,11865,3621,11865,11865,11865,2933,11865,11865,11865,2736,11865,11865,11865,3621,11865,11865,3621,11865,11865,0,0,11865,0,0,11865,3621,11865,11865,11865,3621,11865,11865,11865,11865,11865,11865,11865,11865,11865,11865,11865,11865,11865,11865,11865,11865,250,250,250,250,11865,11865,11865,11865,11865,11865,11865,11865,11865,11865,11865,11865,11865,11865,11865,11865,11865,11865,11865,11865,11865,11865,11865,11865,8387,11865,0,0,0,0,0,0,0,0,0,0,0,0,0,0,0,0,0,0,0,0,0,11865,11865,11865,11865,11865,11865,0,0,0,0,0,0,0,0,0,0,0,0,0,0,0,11865,0,0,0,0,0,0,0,0,0,0,0,0,0,0,0,0,11865,11865,11865,11865,11865,11865,11865,11865,11865,11865,11865,11865,0,0,0,11865
"3","ALA_1","OTCxSNOWFENCE",12930,12930,12930,12930,12930,12930,12930,12930,12930,0,12930,12930,12930,12930,7739,0,6105,6105,6105,6105,0,12930,12930,12930,12930,12930,12930,12930,7415,12930,12930,12930,12930,12930,12930,0,12930,7739,12930,12930,12930,0,0,6105,6105,6105,6105,0,0,0,0,0,0,0,0,0,0,0,0,0,0,0,12930,12930,4709,12930,12930,0,0,12930,0,0,0,12930,0,0,4709,12930,12930,12930,4709,12930,12930,12930,4709,12930,12930,12930,4170,12930,12930,12930,4709,12930,12930,4709,12930,12930,0,0,12930,0,0,12930,4709,12930,12930,12930,4709,12930,12930,12930,12930,12930,12930,12930,12930,12930,12930,12930,12930,12930,12930,12930,12930,1191,1191,1191,1191,12930,12930,12930,12930,12930,12930,12930,12930,12930,12930,12930,12930,12930,12930,12930,12930,12930,12930,12930,12930,12930,12930,12930,12930,10124,12930,0,0,0,0,0,0,0,0,0,0,0,0,0,0,0,0,0,0,0,0,0,12930,12930,12930,12930,12930,12930,0,0,0,0,0,0,0,0,0,0,0,0,0,0,0,12930,0,0,0,0,0,0,0,0,0,0,0,0,0,0,0,0,12930,12930,12930,12930,12930,12930,12930,12930,12930,12930,12930,12930,0,0,0,12930
"4","ALA_1","SNOWFENCE",12377,12377,12377,12377,12377,12377,12377,12377,12377,0,12377,12377,12377,12377,7039,0,6052,6052,6052,6052,0,12377,12377,12377,12377,12238,12377,12377,6760,12377,12377,12377,12377,12377,12377,0,12377,7039,12377,12377,12377,0,0,6052,6052,6052,6052,0,0,0,0,0,0,0,0,0,0,0,0,0,0,0,12377,12377,5516,12377,12377,0,0,12377,0,0,0,12377,0,0,5516,12377,12377,12377,5516,12377,12377,12377,5516,12377,12377,12377,4820,12377,12377,12377,5516,12377,12377,5516,12377,12377,0,0,12377,0,0,12377,5516,12377,12377,12377,5516,12377,12377,12377,12377,12377,12377,12377,12377,12377,12377,12377,12377,12377,12377,12377,12377,926,926,926,926,12377,12377,12377,12377,12377,12377,12377,12377,12377,12377,12377,12377,12377,12377,12377,12377,12377,12377,12377,12377,12377,12377,12377,12377,10599,12377,0,0,0,0,0,0,0,0,0,0,0,0,0,0,0,0,0,0,0,0,0,12377,12377,12377,12377,12377,12377,0,0,0,0,0,0,0,0,0,0,0,0,0,0,0,12377,0,0,0,0,0,0,0,0,0,0,0,0,0,0,0,0,12377,12377,12377,12377,12377,12377,12377,12377,12377,12377,12377,12377,0,0,0,12377
"5","ALA_10","CTL",85,85,85,85,85,85,85,85,85,0,85,85,85,85,0,0,0,85,0,0,0,85,85,85,85,60,85,60,0,85,0,0,85,0,85,0,85,0,85,85,85,0,0,85,85,0,0,0,0,0,0,0,0,0,0,0,0,0,0,0,0,0,0,0,0,0,0,0,0,0,0,0,0,0,0,0,0,0,0,0,0,0,0,0,0,0,0,0,0,0,0,0,0,0,0,0,0,0,0,0,0,0,0,0,0,0,0,0,0,0,0,0,0,0,0,0,0,0,0,0,0,0,0,0,0,0,0,0,0,0,0,0,0,0,0,0,0,0,0,0,0,0,0,0,0,0,0,0,0,0,0,0,0,0,0,0,0,0,0,0,0,0,0,0,0,0,0,0,0,0,0,0,0,0,0,0,85,0,0,0,0,0,85,75,85,0,85,85,85,85,85,0,85,85,0,0,85,85,85,0,0,0,85,85,85,85,85,0,0,0,0,0,0,0,85,85,85,0,0,85,0,0,85,85,85,85,0,0,0,85
"6","ALA_10","OTC",85,85,85,85,85,85,85,85,85,0,85,85,85,85,0,0,0,85,0,0,0,85,85,85,85,60,85,60,0,85,0,0,85,0,85,0,85,0,85,85,85,0,0,85,85,0,0,0,0,0,0,0,0,0,0,0,0,0,0,0,0,0,0,0,0,0,0,0,0,0,0,0,0,0,0,0,0,0,0,0,0,0,0,0,0,0,0,0,0,0,0,0,0,0,0,0,0,0,0,0,0,0,0,0,0,0,0,0,0,0,0,0,0,0,0,0,0,0,0,0,0,0,0,0,0,0,0,0,0,0,0,0,0,0,0,0,0,0,0,0,0,0,0,0,0,0,0,0,0,0,0,0,0,0,0,0,0,0,0,0,0,0,0,0,0,0,0,0,0,0,0,0,0,0,0,0,85,0,0,0,0,0,85,75,85,0,85,85,85,85,85,0,85,85,0,0,85,85,85,0,0,0,85,85,85,85,85,0,0,0,0,0,0,0,85,85,85,0,0,85,0,0,85,85,85,85,0,0,0,85
"7","ALA_11","CTL",70,70,70,70,70,70,70,70,70,0,70,70,70,70,0,0,0,70,0,0,0,70,70,70,70,55,70,55,0,70,0,0,70,0,70,0,70,0,70,70,70,0,0,70,70,0,0,0,0,0,0,0,0,0,0,0,0,0,0,0,0,0,0,0,0,0,0,0,0,0,0,0,0,0,0,0,0,0,0,0,0,0,0,0,0,0,0,0,0,0,0,0,0,0,0,0,0,0,0,0,0,0,0,0,0,0,0,0,0,0,0,0,0,0,0,0,0,0,0,0,0,0,0,0,0,0,0,0,0,0,0,0,0,0,0,0,0,0,0,0,0,0,0,0,0,0,0,0,0,0,0,0,0,0,0,0,0,0,0,0,0,0,0,0,0,0,0,0,0,0,0,0,0,0,0,0,70,0,0,0,0,0,70,0,70,0,70,70,70,70,70,0,70,70,0,0,70,70,0,0,0,0,70,70,70,70,70,0,0,0,0,0,0,0,70,70,70,0,0,70,0,0,70,70,70,70,0,0,0,70
"8","ALA_11","OTC",70,70,70,70,70,70,70,70,70,0,70,70,70,70,0,0,0,70,0,0,0,70,70,70,70,55,70,55,0,70,0,0,70,0,70,0,70,0,70,70,70,0,0,70,70,0,0,0,0,0,0,0,0,0,0,0,0,0,0,0,0,0,0,0,0,0,0,0,0,0,0,0,0,0,0,0,0,0,0,0,0,0,0,0,0,0,0,0,0,0,0,0,0,0,0,0,0,0,0,0,0,0,0,0,0,0,0,0,0,0,0,0,0,0,0,0,0,0,0,0,0,0,0,0,0,0,0,0,0,0,0,0,0,0,0,0,0,0,0,0,0,0,0,0,0,0,0,0,0,0,0,0,0,0,0,0,0,0,0,0,0,0,0,0,0,0,0,0,0,0,0,0,0,0,0,0,70,0,0,0,0,0,70,0,70,0,70,70,70,70,70,0,70,70,0,0,70,70,0,0,0,0,70,70,70,70,70,0,0,0,0,0,0,0,70,70,70,0,0,70,0,0,70,70,70,70,0,0,0,70
"9","ALA_12","CTL",75,75,75,75,75,75,75,75,75,0,75,75,75,70,0,0,0,75,0,0,0,75,75,75,75,55,75,55,0,75,0,0,75,0,75,0,75,0,75,75,70,0,0,75,75,0,0,0,0,0,0,0,0,0,0,0,0,0,0,0,0,0,0,0,0,0,0,0,0,0,0,0,0,0,0,0,0,0,0,0,0,0,0,0,0,0,0,0,0,0,0,0,0,0,0,0,0,0,0,0,0,0,0,0,0,0,0,0,0,0,0,0,0,0,0,0,0,0,0,0,0,0,0,0,0,0,0,0,0,0,0,0,0,0,0,0,0,0,0,0,0,0,0,0,0,0,0,0,0,0,0,0,0,0,0,0,0,0,0,0,0,0,0,0,0,0,0,0,0,0,0,0,0,0,0,0,75,0,0,0,0,0,75,0,75,0,75,75,75,75,75,0,75,75,0,0,75,75,0,0,0,0,75,75,75,75,75,0,0,0,0,0,0,0,75,75,75,0,0,75,0,0,75,75,75,75,0,0,0,75
"10","ALA_12","OTC",74,74,74,74,74,74,74,74,74,0,74,74,74,69,0,0,0,74,0,0,0,74,74,74,74,55,74,55,0,74,0,0,74,0,74,0,74,0,74,74,69,0,0,74,74,0,0,0,0,0,0,0,0,0,0,0,0,0,0,0,0,0,0,0,0,0,0,0,0,0,0,0,0,0,0,0,0,0,0,0,0,0,0,0,0,0,0,0,0,0,0,0,0,0,0,0,0,0,0,0,0,0,0,0,0,0,0,0,0,0,0,0,0,0,0,0,0,0,0,0,0,0,0,0,0,0,0,0,0,0,0,0,0,0,0,0,0,0,0,0,0,0,0,0,0,0,0,0,0,0,0,0,0,0,0,0,0,0,0,0,0,0,0,0,0,0,0,0,0,0,0,0,0,0,0,0,74,0,0,0,0,0,74,0,74,0,74,74,74,74,74,0,74,74,0,0,74,74,0,0,0,0,74,74,74,74,74,0,0,0,0,0,0,0,74,74,74,0,0,74,0,0,74,74,74,74,0,0,0,74
"11","ALA_2","CTL",69,69,69,69,0,69,69,69,69,69,69,69,69,69,0,0,0,0,0,0,0,0,69,0,69,69,69,69,0,69,0,0,69,0,69,0,69,0,69,69,69,0,0,0,0,0,0,0,0,0,0,0,0,0,0,0,0,0,0,0,0,0,0,0,0,0,0,0,0,0,0,0,0,0,0,0,0,0,0,0,0,0,0,0,0,0,0,0,0,0,0,0,0,0,0,0,0,0,0,0,0,0,0,0,0,0,0,0,0,0,0,0,0,69,0,0,69,0,0,0,69,0,0,0,0,0,0,0,0,69,0,69,69,69,0,69,69,69,0,69,69,69,0,69,69,69,0,69,69,69,0,69,69,69,69,0,0,0,0,0,0,0,0,0,0,0,0,0,0,0,0,0,0,0,0,0,69,69,69,69,69,69,69,69,69,69,69,0,69,0,69,0,69,69,69,69,69,69,0,0,69,69,69,69,69,69,69,0,0,0,0,0,0,0,69,69,69,0,0,69,0,69,69,69,69,69,0,69,69,69
"12","ALA_2","OTC",72,72,72,72,0,72,72,72,72,72,72,72,72,72,0,0,0,0,0,0,0,0,72,0,72,72,72,72,0,72,0,0,72,0,72,0,72,0,72,72,72,0,0,0,0,0,0,0,0,0,0,0,0,0,0,0,0,0,0,0,0,0,0,0,0,0,0,0,0,0,0,0,0,0,0,0,0,0,0,0,0,0,0,0,0,0,0,0,0,0,0,0,0,0,0,0,0,0,0,0,0,0,0,0,0,0,0,0,0,0,0,0,0,72,0,0,72,0,0,0,72,0,0,0,0,0,0,0,0,72,0,72,72,72,0,72,72,72,0,72,72,72,0,72,72,72,0,72,72,72,0,72,72,72,72,0,0,0,0,0,0,0,0,0,0,0,0,0,0,0,0,0,0,0,0,0,72,72,72,72,72,72,72,72,72,72,72,0,72,0,72,0,72,72,72,72,72,72,0,0,72,72,72,72,72,72,72,0,0,0,0,0,0,0,72,72,72,0,0,72,0,72,72,72,72,72,0,72,72,72
"13","ALA_3","CTL",18,18,18,18,0,18,18,18,18,18,18,18,18,18,0,0,0,0,0,0,0,0,18,0,18,0,18,0,0,18,0,0,18,0,18,0,18,0,18,18,18,0,0,0,0,0,0,0,0,0,0,0,0,0,0,0,0,0,0,0,0,0,0,0,0,0,0,0,0,0,0,0,0,0,0,0,0,0,0,0,0,0,0,0,0,0,0,0,0,0,0,0,0,0,0,0,0,0,0,0,0,0,0,0,0,0,0,0,0,0,0,0,0,18,0,0,18,0,0,0,18,0,0,0,0,0,0,0,0,0,0,18,0,0,0,18,0,0,0,18,0,0,0,18,0,0,0,18,0,0,0,18,0,0,18,0,0,0,0,0,0,0,0,0,0,0,0,0,0,0,0,0,0,0,0,0,18,18,18,18,18,18,18,18,18,18,18,0,18,0,18,0,18,18,18,18,18,18,0,0,18,18,18,18,18,18,18,0,0,0,0,0,0,0,18,18,18,0,0,18,0,18,18,18,18,18,0,18,18,18
"14","ALA_3","OTC",18,18,18,18,0,18,18,18,18,18,18,18,18,18,0,0,0,0,0,0,0,0,18,0,18,0,18,0,0,18,0,0,18,0,18,0,18,0,18,18,18,0,0,0,0,0,0,0,0,0,0,0,0,0,0,0,0,0,0,0,0,0,0,0,0,0,0,0,0,0,0,0,0,0,0,0,0,0,0,0,0,0,0,0,0,0,0,0,0,0,0,0,0,0,0,0,0,0,0,0,0,0,0,0,0,0,0,0,0,0,0,0,0,18,0,0,18,0,0,0,18,0,0,0,0,0,0,0,0,0,0,18,0,0,0,18,0,0,0,18,0,0,0,18,0,0,0,18,0,0,0,18,0,0,18,0,0,0,0,0,0,0,0,0,0,0,0,0,0,0,0,0,0,0,0,0,18,18,18,18,18,18,18,18,18,18,18,0,18,0,18,0,18,18,18,18,18,18,0,0,18,18,18,18,18,18,18,0,0,0,0,0,0,0,18,18,18,0,0,18,0,18,18,18,18,18,0,18,18,18
"15","ALA_4","CTL",94,94,94,94,94,94,94,94,94,94,94,94,94,94,94,0,0,0,0,0,0,0,94,93,94,55,94,94,55,94,94,0,94,36,94,0,94,94,94,94,94,0,0,0,0,0,0,55,94,94,0,0,0,0,0,0,55,94,94,0,0,0,94,94,0,0,0,0,0,94,94,94,0,94,94,94,0,94,94,94,0,94,94,94,0,94,94,94,0,94,94,94,0,94,94,0,94,94,0,0,0,0,0,0,0,0,0,0,0,0,0,0,0,94,0,94,94,94,0,0,94,0,0,0,0,94,94,94,94,94,94,94,94,94,94,94,94,94,94,94,94,94,94,94,94,94,94,94,94,94,94,94,94,94,94,0,0,0,0,0,0,0,0,0,0,0,0,0,0,0,0,0,0,0,0,0,94,94,94,94,94,94,94,94,94,94,94,0,94,0,94,94,94,94,94,94,94,94,94,94,94,94,94,94,94,94,94,0,0,0,0,0,0,0,94,94,94,94,94,94,94,94,94,94,94,94,0,94,94,94
"16","ALA_4","OTC",97,97,97,97,97,97,97,97,97,97,97,97,97,97,97,0,0,0,0,0,0,0,97,95,97,58,97,97,58,97,97,0,97,36,97,0,97,97,97,97,97,0,0,0,0,0,0,58,97,97,0,0,0,0,0,0,58,97,97,0,0,0,97,97,0,0,0,0,0,97,97,97,0,97,97,97,0,97,97,97,0,97,97,97,0,97,97,97,0,97,97,97,0,97,97,0,97,97,0,0,0,0,0,0,0,0,0,0,0,0,0,0,0,97,0,97,97,97,0,0,97,0,0,0,0,97,97,97,97,97,97,97,97,97,97,97,97,97,97,97,97,97,97,97,97,97,97,97,97,97,97,97,97,97,97,0,0,0,0,0,0,0,0,0,0,0,0,0,0,0,0,0,0,0,0,0,97,97,97,97,97,97,97,97,97,97,97,0,97,0,97,97,97,97,97,97,97,97,97,97,97,97,97,97,97,97,97,0,0,0,0,0,0,0,97,97,97,97,97,97,97,97,97,97,97,97,0,97,97,97
"17","ALA_4","OTCxSNOWFENCE",100,100,100,100,100,100,100,100,100,100,100,100,100,100,100,0,0,0,0,0,0,0,100,97,100,61,100,100,61,100,100,0,100,39,100,0,100,100,100,100,100,0,0,0,0,0,0,61,100,100,0,0,0,0,0,0,61,100,100,0,0,0,100,100,0,0,0,0,0,100,100,100,0,100,100,100,0,100,100,100,0,100,100,100,0,100,100,100,0,100,100,100,0,100,100,0,100,100,0,0,0,0,0,0,0,0,0,0,0,0,0,0,0,100,0,100,100,100,0,0,100,0,0,0,0,100,100,100,100,100,100,100,100,100,100,100,100,100,100,100,100,100,100,100,100,100,100,100,100,100,100,100,100,100,100,0,0,0,0,0,0,0,0,0,0,0,0,0,0,0,0,0,0,0,0,0,100,100,100,100,100,100,100,100,100,100,100,0,100,0,100,100,100,100,100,100,100,100,100,100,100,100,100,100,100,100,100,0,0,0,0,0,0,0,100,100,100,100,100,100,100,100,100,100,100,100,0,100,100,100
"18","ALA_4","SNOWFENCE",94,94,94,94,94,94,94,94,94,94,94,94,94,94,94,0,0,0,0,0,0,0,94,92,94,52,94,94,53,94,94,0,94,36,94,0,94,94,94,94,94,0,0,0,0,0,0,54,94,94,0,0,0,0,0,0,54,94,94,0,0,0,94,94,0,0,0,0,63,94,94,94,63,94,94,94,63,94,94,94,63,94,94,94,63,94,94,94,63,94,94,94,63,94,94,63,94,94,0,0,0,0,0,0,0,0,0,0,0,0,0,0,0,94,0,94,94,94,0,0,94,0,0,0,0,94,94,94,94,94,94,94,94,94,94,94,94,94,94,94,94,94,94,94,94,94,94,94,94,94,94,94,94,94,94,0,0,0,0,0,0,0,0,0,0,0,0,0,0,0,0,0,0,0,0,0,94,94,94,94,94,94,94,94,94,94,94,0,94,0,94,94,94,94,94,94,94,94,94,94,94,94,94,94,94,94,94,0,0,0,0,0,0,0,94,94,94,94,94,94,94,94,94,94,94,94,0,94,94,94
"19","ALA_9","CTL",85,85,85,85,85,85,85,85,85,0,85,85,85,85,0,0,0,85,0,0,0,85,85,85,85,60,85,60,0,85,0,0,85,0,85,0,85,0,85,85,85,0,0,85,85,0,0,0,0,0,0,0,0,0,0,0,0,0,0,0,0,0,0,0,0,0,0,0,0,0,0,0,0,0,0,0,0,0,0,0,0,0,0,0,0,0,0,0,0,0,0,0,0,0,0,0,0,0,0,0,0,0,0,0,0,0,0,0,0,0,0,0,0,0,0,0,0,0,0,0,0,0,0,0,0,0,0,0,0,0,0,0,0,0,0,0,0,0,0,0,0,0,0,0,0,0,0,0,0,0,0,0,0,0,0,0,0,0,0,0,0,0,0,0,0,0,0,0,0,0,0,0,0,0,0,0,85,0,0,0,0,0,85,75,85,0,85,85,85,85,85,0,85,85,0,0,85,85,85,0,0,0,85,85,85,85,85,0,0,0,0,0,0,0,85,85,85,0,0,85,0,0,85,85,85,85,0,0,0,85
"20","ALA_9","OTC",84,84,84,84,84,84,84,84,84,0,84,84,84,84,0,0,0,84,0,0,0,84,84,84,84,60,84,60,0,84,0,0,84,0,84,0,84,0,84,84,84,0,0,84,84,0,0,0,0,0,0,0,0,0,0,0,0,0,0,0,0,0,0,0,0,0,0,0,0,0,0,0,0,0,0,0,0,0,0,0,0,0,0,0,0,0,0,0,0,0,0,0,0,0,0,0,0,0,0,0,0,0,0,0,0,0,0,0,0,0,0,0,0,0,0,0,0,0,0,0,0,0,0,0,0,0,0,0,0,0,0,0,0,0,0,0,0,0,0,0,0,0,0,0,0,0,0,0,0,0,0,0,0,0,0,0,0,0,0,0,0,0,0,0,0,0,0,0,0,0,0,0,0,0,0,0,84,0,0,0,0,0,84,74,84,0,84,84,84,84,84,0,84,84,0,0,84,84,84,0,0,0,84,84,84,84,84,0,0,0,0,0,0,0,84,84,84,0,0,84,0,0,84,84,84,84,0,0,0,84
"21","CAN_1","CTL",55,55,55,55,0,55,55,55,55,55,55,55,55,55,0,0,0,0,0,0,0,0,55,0,55,55,55,55,50,55,55,0,55,55,55,0,55,0,55,55,55,0,0,0,0,0,0,0,0,0,0,0,0,0,0,0,0,0,0,0,0,0,0,0,0,0,0,0,0,0,0,0,0,0,0,0,55,55,55,55,55,55,55,55,55,55,55,55,55,55,55,55,55,55,55,55,55,55,55,55,55,55,55,55,55,55,55,55,55,55,55,55,55,55,55,55,55,55,55,55,55,55,55,55,55,55,55,55,20,55,55,55,55,55,55,55,55,55,55,55,55,55,55,55,55,55,55,55,55,55,55,55,55,55,55,0,0,0,0,0,0,0,0,0,0,0,0,0,0,0,0,0,0,0,0,0,55,55,55,55,55,55,55,55,55,55,55,0,55,0,55,0,55,55,55,55,55,55,0,55,55,55,55,55,55,0,55,0,0,0,0,0,0,0,55,55,0,55,0,55,55,55,55,0,55,55,0,0,55,55
"22","CAN_1","SNOWFENCE",48,48,48,48,0,48,48,48,48,48,48,48,48,48,0,0,0,0,0,0,0,0,48,0,48,48,48,48,43,48,48,0,48,48,48,0,48,0,48,48,48,0,0,0,0,0,0,0,0,0,0,0,0,0,0,0,0,0,0,0,0,0,0,0,0,0,0,0,0,0,0,0,0,0,0,0,48,48,48,48,48,48,48,48,48,48,48,48,48,48,48,48,48,48,48,48,48,48,48,48,48,48,48,48,48,48,48,48,48,48,48,48,48,48,48,48,48,48,48,48,48,48,48,48,48,48,48,48,20,48,48,48,48,48,48,48,48,48,48,48,48,48,48,48,48,48,48,48,48,48,48,48,48,48,48,0,0,0,0,0,0,0,0,0,0,0,0,0,0,0,0,0,0,0,0,0,48,48,48,48,48,48,48,48,48,48,48,0,48,0,48,0,48,48,48,48,48,48,0,48,48,48,48,48,48,0,48,0,0,0,0,0,0,0,48,48,0,48,0,48,48,48,48,0,48,48,0,0,48,48
"23","CAN_2","CTL",248,248,248,248,0,248,248,248,248,248,248,248,248,248,246,102,248,248,248,248,72,0,248,0,248,241,248,248,0,248,89,217,248,0,248,0,248,246,248,248,248,102,72,248,248,248,248,0,0,0,0,0,0,0,0,0,0,0,0,0,0,0,0,0,0,0,0,0,0,0,0,0,0,0,0,0,0,0,0,0,0,0,0,0,0,0,0,0,0,0,0,0,0,0,0,0,0,0,0,0,0,0,0,0,0,0,0,0,0,0,0,0,248,248,248,0,248,0,0,0,248,248,248,248,248,0,0,0,0,248,248,248,248,248,248,248,248,248,248,248,248,248,248,248,248,248,248,248,248,248,248,248,248,248,248,0,0,0,0,0,0,0,0,0,0,0,0,0,0,0,0,0,0,0,0,0,248,248,248,248,248,248,248,248,248,248,248,0,248,0,248,0,248,248,248,248,248,248,0,248,248,248,248,248,248,248,248,248,248,248,248,248,248,248,248,248,248,0,0,248,0,248,248,248,248,248,0,248,0,248
"24","CAN_2","OTC",239,239,239,239,0,239,239,239,239,239,239,239,239,239,239,75,239,239,239,239,75,0,239,0,239,233,239,239,0,239,91,203,239,0,239,0,239,239,239,239,239,75,75,239,239,239,239,0,0,0,0,0,0,0,0,0,0,0,0,0,0,0,0,0,0,0,0,0,0,0,0,0,0,0,0,0,0,0,0,0,0,0,0,0,0,0,0,0,0,0,0,0,0,0,0,0,0,0,0,0,0,0,0,0,0,0,0,0,0,0,0,0,239,239,239,0,239,0,0,0,239,239,239,239,239,0,0,0,0,239,239,239,239,239,239,239,239,239,239,239,239,239,239,239,239,239,239,239,239,239,239,239,239,239,239,0,0,0,0,0,0,0,0,0,0,0,0,0,0,0,0,0,0,0,0,0,239,239,239,239,239,239,239,239,239,239,239,0,239,0,239,0,239,239,239,239,239,239,0,239,239,239,239,239,239,239,239,239,239,239,239,239,239,239,239,239,239,0,0,239,0,239,239,239,239,239,0,239,0,239
"25","CAN_3","CTL",220,220,220,220,0,220,220,220,220,220,220,220,220,220,220,71,220,220,220,220,56,0,220,0,220,215,220,220,0,220,0,177,220,0,220,0,220,220,220,220,220,71,56,220,220,220,220,0,0,0,0,0,0,0,0,0,0,0,0,0,0,0,0,0,0,0,0,0,0,0,0,0,0,0,0,0,0,0,0,0,0,0,0,0,0,0,0,0,0,0,0,0,0,0,0,0,0,0,0,0,0,0,0,0,0,0,0,0,0,0,0,0,220,220,220,0,220,0,0,0,220,220,220,0,220,0,0,0,0,220,220,220,220,220,220,220,220,220,220,220,220,220,220,220,220,220,220,220,220,220,220,220,220,220,220,0,0,0,0,0,0,0,0,0,0,0,0,0,0,0,0,0,0,0,0,0,220,220,220,220,220,220,220,220,220,220,220,0,220,0,220,0,220,220,220,220,220,220,0,220,220,220,220,220,220,220,220,220,220,220,220,220,220,220,220,220,220,0,0,220,0,220,220,220,220,220,0,0,0,220
"26","CAN_3","OTC",230,230,230,230,0,230,230,230,230,230,230,230,230,230,230,47,230,230,230,230,47,0,230,0,230,224,230,230,0,230,0,215,230,0,230,0,230,230,230,230,230,47,47,230,230,230,230,0,0,0,0,0,0,0,0,0,0,0,0,0,0,0,0,0,0,0,0,0,0,0,0,0,0,0,0,0,0,0,0,0,0,0,0,0,0,0,0,0,0,0,0,0,0,0,0,0,0,0,0,0,0,0,0,0,0,0,0,0,0,0,0,0,230,230,230,0,230,0,0,0,230,230,230,0,230,0,0,0,0,230,230,230,230,230,230,230,230,230,230,230,230,230,230,230,230,230,230,230,230,230,230,230,230,230,230,0,0,0,0,0,0,0,0,0,0,0,0,0,0,0,0,0,0,0,0,0,230,230,230,230,230,230,230,230,230,230,230,0,230,0,230,0,230,230,230,230,230,230,0,230,230,230,230,230,230,230,230,230,230,230,230,230,230,230,230,230,230,0,0,230,0,230,230,230,230,230,0,0,0,230
"27","CAN_4","CTL",222,222,222,222,0,222,222,222,222,222,222,222,222,222,222,91,222,222,222,222,66,0,222,0,222,220,222,222,0,222,0,185,222,0,222,0,222,222,222,222,222,91,66,222,222,222,222,0,0,0,0,0,0,0,0,0,0,0,0,0,0,0,0,0,0,0,0,0,0,0,0,0,0,0,0,0,0,0,0,0,0,0,0,0,0,0,0,0,0,0,0,0,0,0,0,0,0,0,0,0,0,0,0,0,0,0,0,0,0,0,0,0,222,222,0,0,222,0,0,0,222,222,222,222,222,0,0,0,0,222,222,222,222,222,222,222,222,222,222,222,222,222,222,222,222,222,222,222,222,222,222,222,222,222,222,0,0,0,0,0,0,0,0,0,0,0,0,0,0,0,0,0,0,0,0,0,222,222,222,222,222,222,222,222,222,222,222,0,222,0,222,0,222,222,222,222,222,222,222,222,222,222,222,222,222,222,222,222,222,222,222,222,222,222,222,222,222,0,0,222,0,222,222,222,222,222,0,0,0,222
"28","CAN_4","OTC",227,227,227,227,0,227,227,227,227,227,227,227,227,227,227,73,227,227,227,227,73,0,227,0,227,225,227,227,0,227,0,193,227,0,227,0,227,227,227,227,227,73,73,227,227,227,227,0,0,0,0,0,0,0,0,0,0,0,0,0,0,0,0,0,0,0,0,0,0,0,0,0,0,0,0,0,0,0,0,0,0,0,0,0,0,0,0,0,0,0,0,0,0,0,0,0,0,0,0,0,0,0,0,0,0,0,0,0,0,0,0,0,227,227,0,0,227,0,0,0,227,227,227,227,227,0,0,0,0,227,227,227,227,227,227,227,227,227,227,227,227,227,227,227,227,227,227,227,227,227,227,227,227,227,227,0,0,0,0,0,0,0,0,0,0,0,0,0,0,0,0,0,0,0,0,0,227,227,227,227,227,227,227,227,227,227,227,0,227,0,227,0,227,227,227,227,227,227,227,227,227,227,227,227,227,227,227,227,227,227,227,227,227,227,227,227,227,0,0,227,0,227,227,227,227,227,0,0,0,227
"29","CAN_5","CTL",21,21,21,21,0,21,21,21,21,21,21,21,8,8,0,5,0,0,0,0,0,0,8,18,8,20,8,8,20,8,8,0,8,0,8,0,21,0,21,8,8,5,0,0,0,0,0,0,0,0,0,0,0,0,0,0,0,0,0,0,0,0,21,21,21,21,21,21,21,21,21,21,20,21,21,21,21,21,8,21,16,21,21,21,21,21,8,21,16,21,21,21,21,21,21,16,21,21,21,21,21,16,21,21,21,21,0,21,21,21,0,21,0,21,0,0,21,0,0,0,21,0,0,0,0,0,0,0,0,21,21,21,21,0,0,21,0,21,21,21,21,21,21,21,21,21,21,21,21,21,21,21,21,21,21,0,0,0,0,0,0,0,0,0,0,0,0,0,0,0,0,0,0,0,0,0,21,21,21,21,21,21,21,21,21,21,21,0,21,0,21,0,21,21,21,21,21,21,0,21,21,21,21,21,21,21,21,13,13,13,13,13,13,13,21,21,21,0,0,21,0,21,21,21,21,21,0,21,0,21
"30","CAN_5","OTC",21,21,21,21,0,21,21,21,21,21,21,21,8,8,0,5,0,0,0,0,0,0,8,18,8,21,8,8,21,8,8,0,8,0,8,0,21,0,21,8,8,5,0,0,0,0,0,0,0,0,0,0,0,0,0,0,0,0,0,0,0,0,21,21,21,21,21,21,21,21,21,21,20,21,21,21,21,21,8,21,18,21,21,21,21,21,8,21,18,21,21,21,21,21,21,18,21,21,21,21,21,15,21,21,21,21,0,21,21,21,0,21,0,21,0,0,21,0,0,0,21,0,0,0,0,0,0,0,0,21,21,21,21,0,0,21,0,21,21,21,21,21,21,21,21,21,21,21,21,21,21,21,21,21,21,0,0,0,0,0,0,0,0,0,0,0,0,0,0,0,0,0,0,0,0,0,21,21,21,21,21,21,21,21,21,21,21,0,21,0,21,0,21,21,21,21,21,21,0,21,21,21,21,21,21,21,21,13,13,13,13,13,13,13,21,21,21,0,0,21,0,21,21,21,21,21,0,21,0,21
"31","CAN_6","CTL",9,9,9,9,0,9,9,9,9,8,9,9,9,9,0,0,0,0,0,0,0,0,9,9,9,9,9,9,9,9,9,0,9,0,9,0,9,0,9,9,9,0,0,0,0,0,0,0,0,0,0,0,0,0,0,0,0,0,0,0,0,0,8,8,6,9,9,9,8,9,9,9,8,9,9,9,8,9,9,9,8,9,9,9,8,9,9,9,8,9,9,9,8,9,9,8,9,9,8,9,9,8,9,9,8,9,0,9,8,9,0,9,8,9,0,0,9,0,0,0,9,0,0,0,0,0,0,0,0,8,9,9,9,0,0,9,0,8,9,9,9,8,9,9,9,8,9,9,9,8,9,9,9,8,9,0,0,0,0,0,0,0,0,0,0,0,0,0,0,0,0,0,0,0,0,0,9,9,9,9,9,9,9,9,9,9,9,0,9,0,9,0,9,9,9,9,9,9,0,9,9,9,9,9,9,0,9,0,0,0,0,0,0,0,9,9,0,9,0,9,9,9,9,9,9,9,0,9,0,9
"32","CAN_6","SNOWFENCE",9,9,9,9,0,9,9,9,9,8,9,9,9,9,0,0,0,0,0,0,0,0,9,9,9,9,9,9,9,9,9,0,9,0,9,0,9,0,9,9,9,0,0,0,0,0,0,0,0,0,0,0,0,0,0,0,0,0,0,0,0,0,8,8,6,9,9,9,8,9,9,9,8,9,9,9,8,9,9,9,8,9,9,9,8,9,9,9,8,9,9,9,8,9,9,8,9,9,8,9,9,8,9,9,8,9,0,9,8,9,0,9,8,9,0,0,9,0,0,0,9,0,0,0,0,0,0,0,0,8,9,9,9,0,0,9,0,8,9,9,9,8,9,9,9,8,9,9,9,8,9,9,9,8,9,0,0,0,0,0,0,0,0,0,0,0,0,0,0,0,0,0,0,0,0,0,9,9,9,9,9,9,9,9,9,9,9,0,9,0,9,0,9,9,9,9,9,9,0,9,9,9,9,9,9,0,9,0,0,0,0,0,0,0,9,9,0,9,0,9,9,9,9,9,9,9,0,9,0,9
"33","CHI_1","CTL",32,32,32,32,0,32,32,32,32,0,32,32,0,0,0,0,0,0,0,0,0,0,0,0,0,32,0,0,32,0,0,0,0,0,0,0,32,0,32,0,0,0,0,0,0,0,0,0,0,0,0,0,0,0,0,0,0,0,0,0,0,0,0,0,0,0,0,0,0,0,0,0,0,0,0,0,0,0,0,0,0,0,0,0,0,0,0,0,0,0,0,0,0,0,0,0,0,0,0,0,0,0,0,0,0,0,0,0,0,0,0,0,0,0,0,0,0,0,0,0,0,0,0,0,0,0,0,0,0,0,0,0,0,0,0,0,0,0,0,0,0,0,0,0,0,0,0,0,0,0,0,0,0,0,0,0,0,0,0,0,0,0,0,0,0,0,0,0,0,0,0,0,0,0,0,0,32,32,32,32,32,32,32,32,32,32,32,0,32,0,32,0,32,32,0,32,32,0,0,0,32,32,32,32,32,32,32,0,0,0,0,0,0,0,0,0,0,0,0,0,0,0,0,0,0,0,0,0,0,32
"34","CHI_1","OTC",32,32,32,32,0,32,32,32,32,0,32,32,0,0,0,0,0,0,0,0,0,0,0,0,0,32,0,0,32,0,0,0,0,0,0,0,32,0,32,0,0,0,0,0,0,0,0,0,0,0,0,0,0,0,0,0,0,0,0,0,0,0,0,0,0,0,0,0,0,0,0,0,0,0,0,0,0,0,0,0,0,0,0,0,0,0,0,0,0,0,0,0,0,0,0,0,0,0,0,0,0,0,0,0,0,0,0,0,0,0,0,0,0,0,0,0,0,0,0,0,0,0,0,0,0,0,0,0,0,0,0,0,0,0,0,0,0,0,0,0,0,0,0,0,0,0,0,0,0,0,0,0,0,0,0,0,0,0,0,0,0,0,0,0,0,0,0,0,0,0,0,0,0,0,0,0,32,32,32,32,32,32,32,32,32,32,32,0,32,0,32,0,32,32,0,32,32,0,0,0,32,32,32,32,32,32,32,0,0,0,0,0,0,0,0,0,0,0,0,0,0,0,0,0,0,0,0,0,0,32
"35","CHI_2","CTL",28,28,28,28,0,28,28,28,28,0,28,28,0,0,0,0,0,0,0,0,0,0,0,0,0,28,0,0,28,0,0,0,0,0,0,0,28,0,28,0,0,0,0,0,0,0,0,0,0,0,0,0,0,0,0,0,0,0,0,0,0,0,0,0,0,0,0,0,0,0,0,0,0,0,0,0,0,0,0,0,0,0,0,0,0,0,0,0,0,0,0,0,0,0,0,0,0,0,0,0,0,0,0,0,0,0,0,0,0,0,0,0,0,0,0,0,0,0,0,0,0,0,0,0,0,0,0,0,0,0,0,0,0,0,0,0,0,0,0,0,0,0,0,0,0,0,0,0,0,0,0,0,0,0,0,0,0,0,0,0,0,0,0,0,0,0,0,0,0,0,0,0,0,0,0,0,28,28,28,28,28,28,28,28,28,28,28,0,28,0,28,0,28,28,0,28,28,0,0,0,28,28,28,28,28,28,28,0,0,0,0,0,0,0,0,0,0,0,0,0,0,0,0,0,0,0,0,0,0,28
"36","CHI_2","OTC",28,28,28,28,0,28,28,28,28,0,28,28,0,0,0,0,0,0,0,0,0,0,0,0,0,28,0,0,28,0,0,0,0,0,0,0,28,0,28,0,0,0,0,0,0,0,0,0,0,0,0,0,0,0,0,0,0,0,0,0,0,0,0,0,0,0,0,0,0,0,0,0,0,0,0,0,0,0,0,0,0,0,0,0,0,0,0,0,0,0,0,0,0,0,0,0,0,0,0,0,0,0,0,0,0,0,0,0,0,0,0,0,0,0,0,0,0,0,0,0,0,0,0,0,0,0,0,0,0,0,0,0,0,0,0,0,0,0,0,0,0,0,0,0,0,0,0,0,0,0,0,0,0,0,0,0,0,0,0,0,0,0,0,0,0,0,0,0,0,0,0,0,0,0,0,0,28,28,28,28,28,28,28,28,28,28,28,0,28,0,28,0,28,28,0,28,28,0,0,0,28,28,28,28,28,28,28,0,0,0,0,0,0,0,0,0,0,0,0,0,0,0,0,0,0,0,0,0,0,28
"37","CHI_3","CTL",28,28,28,28,0,28,28,28,28,0,28,28,0,0,0,0,0,0,0,0,0,0,0,0,0,28,0,0,28,0,0,0,0,0,0,0,28,0,28,0,0,0,0,0,0,0,0,0,0,0,0,0,0,0,0,0,0,0,0,0,0,0,0,0,0,0,0,0,0,0,0,0,0,0,0,0,0,0,0,0,0,0,0,0,0,0,0,0,0,0,0,0,0,0,0,0,0,0,0,0,0,0,0,0,0,0,0,0,0,0,0,0,0,0,0,0,0,0,0,0,0,0,0,0,0,0,0,0,0,0,0,0,0,0,0,0,0,0,0,0,0,0,0,0,0,0,0,0,0,0,0,0,0,0,0,0,0,0,0,0,0,0,0,0,0,0,0,0,0,0,0,0,0,0,0,0,28,28,28,28,28,28,28,28,28,28,28,0,28,0,28,0,28,28,0,28,28,0,0,0,28,28,28,28,28,28,28,0,0,0,0,0,0,0,0,0,0,0,0,0,0,0,0,0,0,0,0,0,0,28
"38","CHI_3","OTC",28,28,28,28,0,28,28,28,28,0,28,28,0,0,0,0,0,0,0,0,0,0,0,0,0,28,0,0,28,0,0,0,0,0,0,0,28,0,28,0,0,0,0,0,0,0,0,0,0,0,0,0,0,0,0,0,0,0,0,0,0,0,0,0,0,0,0,0,0,0,0,0,0,0,0,0,0,0,0,0,0,0,0,0,0,0,0,0,0,0,0,0,0,0,0,0,0,0,0,0,0,0,0,0,0,0,0,0,0,0,0,0,0,0,0,0,0,0,0,0,0,0,0,0,0,0,0,0,0,0,0,0,0,0,0,0,0,0,0,0,0,0,0,0,0,0,0,0,0,0,0,0,0,0,0,0,0,0,0,0,0,0,0,0,0,0,0,0,0,0,0,0,0,0,0,0,28,28,28,28,28,28,28,28,28,28,28,0,28,0,28,0,28,28,0,28,28,0,0,0,28,28,28,28,28,28,28,0,0,0,0,0,0,0,0,0,0,0,0,0,0,0,0,0,0,0,0,0,0,28
"39","CHI_4","CTL",480,480,480,480,0,480,480,480,480,480,480,480,480,480,0,310,320,320,320,320,0,0,480,320,480,480,480,480,470,480,480,0,480,0,480,0,480,0,480,480,480,310,0,320,320,320,320,0,0,0,0,0,0,0,0,0,0,0,0,0,0,0,480,480,480,480,480,480,0,0,0,0,0,0,0,0,480,480,480,480,0,0,0,0,480,480,480,480,0,0,0,0,480,0,0,0,0,0,480,480,480,0,0,0,0,0,0,0,0,0,0,0,0,480,0,0,480,0,0,0,480,480,480,480,480,480,480,480,480,480,480,480,480,480,480,480,480,480,480,480,480,480,480,480,480,0,0,480,0,0,0,480,0,480,480,0,0,0,0,0,0,0,0,0,0,0,0,0,0,0,0,0,0,0,0,0,480,480,480,480,480,480,480,480,480,480,480,0,480,0,480,480,480,480,480,480,480,480,480,480,480,480,480,480,480,480,480,320,320,320,320,320,320,320,480,480,480,0,0,480,0,480,480,480,480,480,0,0,0,480
"40","CHI_4","OTC",480,480,480,480,0,480,480,480,480,480,480,480,480,480,0,310,320,320,320,320,0,0,480,320,480,480,480,480,470,480,480,0,480,0,480,0,480,0,480,480,480,310,0,320,320,320,320,0,0,0,0,0,0,0,0,0,0,0,0,0,0,0,480,480,480,480,480,480,0,0,0,0,0,0,0,0,480,480,480,480,0,0,0,0,480,480,480,480,0,0,0,0,480,0,0,0,0,0,480,480,480,0,0,0,0,0,0,0,0,0,0,0,0,480,0,0,480,0,0,0,480,480,480,480,480,480,480,480,480,480,480,480,480,480,480,480,480,480,480,480,480,480,480,480,480,0,0,480,0,0,0,480,0,480,480,0,0,0,0,0,0,0,0,0,0,0,0,0,0,0,0,0,0,0,0,0,480,480,480,480,480,480,480,480,480,480,480,0,480,0,480,480,480,480,480,480,480,480,480,480,480,480,480,480,480,480,480,320,320,320,320,320,320,320,480,480,480,0,0,480,0,480,480,480,480,480,0,0,0,480
"41","GRE_1","CTL",140,140,140,140,0,140,140,140,140,140,140,140,140,140,0,0,71,71,71,71,0,138,140,104,140,128,140,140,100,140,140,0,140,0,140,0,140,0,140,140,140,0,0,71,71,71,71,0,0,0,0,0,0,0,0,0,0,0,0,0,0,0,0,0,0,0,0,0,140,140,140,140,0,0,0,0,140,140,140,140,0,0,0,0,140,140,140,140,0,0,0,0,140,140,140,0,0,0,140,140,140,0,0,0,140,140,140,140,0,0,0,0,0,140,0,140,140,140,140,140,140,0,0,0,0,0,0,0,0,140,140,140,140,140,140,140,140,140,140,140,140,140,140,140,140,140,140,140,140,140,140,140,140,140,140,0,0,0,0,0,0,0,0,0,0,0,0,0,0,0,0,0,0,0,0,0,140,140,140,140,140,140,140,140,140,140,140,0,140,0,140,0,140,140,140,140,140,140,140,140,140,140,140,140,140,140,140,71,71,71,71,71,71,71,140,140,140,140,140,140,140,140,140,140,140,140,0,140,0,140
"42","GRE_1","OTC",141,141,141,141,0,141,141,141,141,141,141,141,141,141,0,0,71,71,71,71,0,139,141,104,141,129,141,141,100,141,141,0,141,0,141,0,141,0,141,141,141,0,0,71,71,71,71,0,0,0,0,0,0,0,0,0,0,0,0,0,0,0,0,0,0,0,0,0,141,141,141,141,0,0,0,0,141,141,141,141,0,0,0,0,141,141,141,141,0,0,0,0,141,141,141,0,0,0,117,141,141,0,0,0,141,141,141,141,0,0,0,0,0,141,0,141,141,141,141,141,141,0,0,0,0,0,0,0,0,141,141,141,141,141,141,141,141,141,141,141,141,141,141,141,141,141,141,141,141,141,141,141,141,141,141,0,0,0,0,0,0,0,0,0,0,0,0,0,0,0,0,0,0,0,0,0,141,141,141,141,141,141,141,141,141,141,141,0,141,0,141,0,141,141,141,141,141,141,141,141,141,141,141,141,141,141,141,71,71,71,71,71,71,71,141,141,141,141,141,141,141,141,141,141,141,141,0,141,0,141
"43","GRE_1","OTCxSNOWFENCE",127,127,127,127,0,127,127,127,127,127,127,127,127,127,0,0,57,57,57,57,0,123,127,91,127,114,127,127,92,127,127,0,127,0,127,0,127,0,127,127,127,0,0,57,57,57,57,0,0,0,0,0,0,0,0,0,0,0,0,0,0,0,0,0,0,0,0,0,127,127,127,127,0,0,0,0,109,127,127,127,0,0,0,0,109,127,127,127,0,0,0,0,109,127,127,0,0,0,109,127,127,0,0,0,127,127,127,127,0,0,0,0,0,127,0,127,127,127,127,127,127,0,0,0,0,0,0,0,0,127,127,127,127,127,127,127,127,127,127,127,127,127,127,127,127,127,127,127,127,127,127,127,127,127,127,0,0,0,0,0,0,0,0,0,0,0,0,0,0,0,0,0,0,0,0,0,127,127,127,127,127,127,127,127,127,127,127,0,127,0,127,0,127,127,127,127,127,127,127,127,127,127,127,127,127,127,127,57,57,57,57,57,57,57,127,127,127,127,127,127,127,127,127,127,127,127,0,127,0,127
"44","GRE_1","SNOWFENCE",133,133,133,133,0,133,133,133,133,133,133,133,133,133,0,0,62,62,62,62,0,129,133,95,133,122,133,133,95,133,133,0,133,0,133,0,133,0,133,133,133,0,0,62,62,62,62,0,0,0,0,0,0,0,0,0,0,0,0,0,0,0,0,0,0,0,0,0,133,133,133,133,0,0,0,0,110,133,133,133,0,0,0,0,110,133,133,133,0,0,0,0,110,133,133,0,0,0,110,133,133,0,0,0,133,133,133,133,0,0,0,0,0,133,0,133,133,133,133,133,133,0,0,0,0,0,0,0,0,133,133,133,133,133,133,133,133,133,133,133,133,133,133,133,133,133,133,133,133,133,133,133,133,133,133,0,0,0,0,0,0,0,0,0,0,0,0,0,0,0,0,0,0,0,0,0,133,133,133,133,133,133,133,133,133,133,133,0,133,0,133,0,133,133,133,133,133,133,133,133,133,133,133,133,133,133,133,62,62,62,62,62,62,62,133,133,133,133,133,133,133,133,133,133,133,133,0,133,0,133
"45","GRE_2","CTL",53,53,53,53,0,53,53,53,53,53,53,53,53,53,53,53,53,53,53,53,53,0,53,0,53,51,53,53,52,53,53,0,53,0,53,0,53,53,53,53,53,53,53,53,53,53,53,0,0,0,0,0,0,0,0,0,0,0,0,0,0,0,0,0,0,0,0,0,0,0,0,0,0,0,0,0,36,53,53,53,36,53,53,53,36,53,53,53,36,53,53,53,36,53,53,36,53,53,53,53,53,53,53,53,36,53,53,53,36,53,53,53,0,53,0,53,53,53,53,53,53,0,0,0,0,0,0,0,0,53,53,53,53,53,53,53,53,53,53,53,53,53,53,53,53,53,53,53,53,53,53,53,53,53,53,0,0,0,0,0,0,0,0,0,0,0,0,0,0,0,0,0,0,0,0,0,53,53,53,53,53,53,53,53,53,53,53,0,53,0,53,0,53,53,53,53,53,53,53,53,53,53,53,53,53,53,53,53,53,53,53,53,53,53,53,53,53,0,0,53,0,53,53,53,53,53,0,53,0,53
"46","GRE_2","OTC",52,52,52,52,0,52,52,52,52,52,52,52,52,52,52,51,52,52,52,52,51,0,52,0,52,52,52,52,51,52,52,0,52,0,52,0,52,52,52,52,52,51,51,52,52,52,52,0,0,0,0,0,0,0,0,0,0,0,0,0,0,0,0,0,0,0,0,0,0,0,0,0,0,0,0,0,0,52,52,52,0,52,52,52,0,52,52,52,0,52,52,52,0,52,52,0,52,52,52,52,52,52,52,52,0,52,52,52,0,52,52,52,0,52,0,52,52,52,52,52,52,0,0,0,0,0,0,0,0,52,52,52,52,52,52,52,52,52,52,52,52,52,52,52,52,52,52,52,52,52,52,52,52,52,52,0,0,0,0,0,0,0,0,0,0,0,0,0,0,0,0,0,0,0,0,0,52,52,52,52,52,52,52,52,52,52,52,0,52,0,52,0,52,52,52,52,52,52,52,52,52,52,52,52,52,52,52,52,52,52,52,52,52,52,52,52,52,0,0,52,0,52,52,52,52,52,0,52,0,52
"47","GRE_4","CTL",55,55,55,55,0,55,55,55,55,55,55,55,55,55,53,0,0,0,0,0,0,20,55,55,55,40,55,55,40,55,55,0,55,0,55,0,55,53,55,55,55,0,0,0,0,0,0,40,55,55,0,0,0,0,0,0,0,0,0,0,0,0,0,0,44,55,55,0,0,0,0,0,0,0,0,0,44,0,55,55,0,0,0,0,44,0,55,55,0,0,0,0,44,0,55,0,0,0,44,0,55,0,0,0,0,0,0,0,0,0,0,0,0,55,0,0,55,0,0,0,55,0,0,0,0,0,0,0,0,55,55,55,55,55,55,55,55,55,55,55,55,55,55,55,55,55,55,55,55,55,55,55,55,55,55,44,55,55,55,44,55,55,55,44,55,55,55,44,55,55,55,44,55,55,55,0,55,55,55,55,55,55,55,55,55,55,55,0,55,0,55,0,55,55,55,55,55,55,55,55,55,55,55,55,55,55,55,0,0,0,0,0,0,0,55,55,55,0,0,55,0,55,55,55,55,55,0,55,0,55
"48","GRE_4","OTC",55,55,55,55,0,55,55,55,55,55,55,55,55,55,51,0,0,0,0,0,0,20,55,55,55,39,55,55,39,55,55,0,55,0,55,0,55,51,55,55,55,0,0,0,0,0,0,39,55,55,0,0,0,0,0,0,0,0,0,0,0,0,0,0,44,55,55,0,0,0,0,0,0,0,0,0,44,0,55,55,0,0,0,0,44,0,55,55,0,0,0,0,44,0,55,0,0,0,44,0,55,0,0,0,0,0,0,0,0,0,0,0,0,55,0,0,55,0,0,0,55,0,0,0,0,0,0,0,0,55,55,55,55,55,55,55,55,55,55,55,55,55,55,55,55,55,55,55,55,55,55,55,55,55,55,44,55,55,55,44,55,55,55,44,55,55,55,44,55,55,55,44,55,55,55,0,55,55,55,55,55,55,55,55,55,55,55,0,55,0,55,0,55,55,55,55,55,55,55,55,55,55,55,55,55,55,55,0,0,0,0,0,0,0,55,55,55,0,0,55,0,55,55,55,55,55,0,55,0,55
"49","GRE_5","CTL",59,59,59,59,0,59,59,59,59,59,59,59,59,59,55,0,0,0,0,0,0,0,59,59,59,43,59,59,43,59,59,0,59,0,59,0,59,55,59,59,59,0,0,0,0,0,0,43,59,59,0,0,0,0,0,0,0,0,0,0,0,0,0,0,47,59,59,0,0,0,0,0,0,0,0,0,47,0,59,59,0,0,0,0,47,0,59,59,0,0,0,0,47,0,59,0,0,0,47,0,59,0,0,0,0,0,0,0,0,0,0,0,0,59,0,0,59,0,0,0,59,0,0,0,0,0,0,0,0,59,59,59,59,59,59,59,59,59,59,59,59,59,59,59,59,59,59,59,59,59,59,59,59,59,59,47,59,59,59,47,59,59,59,47,59,59,59,47,59,59,59,47,59,59,59,0,59,59,59,59,59,59,59,59,59,59,59,0,59,0,59,0,59,59,59,59,59,59,59,59,59,59,59,59,59,59,59,0,0,0,0,0,0,0,59,59,59,0,0,59,0,59,59,59,59,59,0,59,0,59
"50","GRE_5","OTC",58,58,58,58,0,58,58,58,58,58,58,58,58,58,57,0,0,0,0,0,0,0,58,58,58,42,58,58,42,58,58,0,58,0,58,0,58,57,58,58,58,0,0,0,0,0,0,42,58,58,0,0,0,0,0,0,0,0,0,0,0,0,0,0,47,58,58,0,0,0,0,0,0,0,0,0,47,0,58,58,0,0,0,0,47,0,58,58,0,0,0,0,47,0,58,0,0,0,47,0,58,0,0,0,0,0,0,0,0,0,0,0,0,58,0,0,58,0,0,0,58,0,0,0,0,0,0,0,0,58,58,58,58,58,58,58,58,58,58,58,58,58,58,58,58,58,58,58,58,58,58,58,58,58,58,47,58,58,58,47,58,58,58,47,58,58,58,47,58,58,58,47,58,58,58,0,58,58,58,58,58,58,58,58,58,58,58,0,58,0,58,0,58,58,58,58,58,58,58,58,58,58,58,58,58,58,58,0,0,0,0,0,0,0,58,58,58,0,0,58,0,58,58,58,58,58,0,58,0,58
"51","GRE_6","CTL",1170,1170,1170,1170,0,1170,1170,1170,1170,0,1170,1170,102,0,0,0,0,102,0,0,0,1017,102,1094,102,0,102,0,1128,102,0,0,102,0,102,0,1170,0,102,102,0,0,0,102,102,0,0,0,0,0,0,0,0,0,0,0,0,0,0,0,0,0,0,0,0,0,0,0,0,0,0,0,0,0,0,0,0,0,0,0,0,0,0,0,0,0,0,0,0,0,0,0,0,0,0,0,0,0,0,0,0,0,0,0,0,0,0,0,0,0,0,0,0,974,0,0,974,0,0,0,974,0,0,0,0,0,0,0,0,0,0,974,0,0,0,974,0,0,0,974,0,0,0,974,0,0,0,974,0,0,0,974,0,0,974,0,0,0,0,0,0,0,0,0,0,0,0,0,0,0,0,0,0,0,0,0,1170,1068,1170,1170,1170,1170,1170,1170,1170,1068,102,0,1068,0,1170,0,1170,1170,0,1068,1170,999,102,0,991,991,1093,1093,1093,1093,1093,0,0,0,0,0,0,0,999,999,999,102,102,999,102,999,999,102,999,999,0,102,897,1170
"52","GRE_6","OTC",1184,1184,1184,1184,0,1184,1184,1184,1184,0,1184,1184,101,0,0,0,0,101,0,0,0,1031,101,1107,101,0,101,0,1145,101,0,0,101,0,101,0,1184,0,101,101,0,0,0,101,101,0,0,0,0,0,0,0,0,0,0,0,0,0,0,0,0,0,0,0,0,0,0,0,0,0,0,0,0,0,0,0,0,0,0,0,0,0,0,0,0,0,0,0,0,0,0,0,0,0,0,0,0,0,0,0,0,0,0,0,0,0,0,0,0,0,0,0,0,990,0,0,990,0,0,0,990,0,0,0,0,0,0,0,0,0,0,990,0,0,0,990,0,0,0,990,0,0,0,990,0,0,0,990,0,0,0,990,0,0,990,0,0,0,0,0,0,0,0,0,0,0,0,0,0,0,0,0,0,0,0,0,1184,1083,1184,1184,1184,1184,1184,1184,1184,1083,101,0,1083,0,1184,0,1184,1184,0,1083,1184,1015,101,0,1007,1007,1108,1108,1108,1108,1108,0,0,0,0,0,0,0,1015,1015,1015,101,101,1015,101,1015,1015,101,1015,1015,0,101,914,1184
"53","ICE_1","CTL",36,36,36,36,0,36,36,36,36,36,36,36,36,36,36,0,0,0,0,0,0,0,36,0,36,36,36,36,30,36,36,0,36,0,36,0,36,36,36,36,36,0,0,0,0,0,0,0,0,0,0,0,0,0,0,0,0,0,0,0,0,0,0,0,0,0,0,0,0,0,0,0,0,0,0,0,36,0,36,0,0,0,0,0,36,0,36,0,0,0,0,0,36,0,0,0,0,0,36,0,0,0,0,0,0,0,0,0,0,0,0,0,0,36,0,0,36,0,0,0,36,0,0,0,0,36,36,24,36,36,36,36,36,36,36,36,36,36,36,36,36,36,36,36,36,36,36,36,36,36,36,36,36,36,36,0,0,0,0,0,0,0,0,0,0,0,0,0,0,0,0,0,0,0,0,0,36,36,36,36,36,36,36,36,36,36,36,0,36,0,36,36,36,36,0,0,36,36,36,36,36,36,36,36,36,36,36,0,0,0,0,0,0,0,36,36,36,0,0,36,0,36,36,36,36,36,0,36,36,36
"54","ICE_1","OTC",36,36,36,36,36,36,36,36,36,36,36,36,36,36,36,0,0,0,0,0,0,0,36,0,36,36,36,36,30,36,36,0,36,0,36,0,36,36,36,36,36,0,0,0,0,0,0,0,0,0,0,0,0,0,0,0,0,0,0,0,0,0,0,0,0,0,0,0,0,0,0,0,0,0,0,0,36,0,36,0,0,0,0,0,36,0,36,0,0,0,0,0,36,0,0,0,0,0,36,0,0,0,0,0,0,0,0,0,0,0,0,0,0,36,0,0,36,0,0,0,36,0,0,0,0,36,36,24,36,36,36,36,36,36,36,36,36,36,36,36,36,36,36,36,36,36,36,36,36,36,36,36,36,36,36,0,0,0,0,0,0,0,0,0,0,0,0,0,0,0,0,0,0,0,0,0,36,36,36,36,36,36,36,36,36,36,36,0,36,0,36,36,36,36,0,0,36,36,36,36,36,36,36,36,36,36,36,0,0,0,0,0,0,0,36,36,36,0,0,36,0,36,36,36,36,36,0,36,36,36
"55","ITA_1","CTL",55,55,55,55,0,55,55,55,55,0,55,55,55,30,55,0,0,25,0,0,0,55,55,55,55,55,55,30,0,55,0,0,55,0,55,0,55,55,55,55,30,0,0,25,25,0,0,0,0,0,0,0,0,0,0,0,0,0,0,0,0,0,30,30,0,0,0,0,0,0,0,0,0,0,0,0,0,0,0,0,0,0,0,0,0,0,0,0,0,0,0,0,0,0,0,0,0,0,0,0,0,0,0,0,0,0,0,0,0,0,0,0,0,30,0,0,30,0,0,0,30,0,0,0,0,55,30,30,30,55,30,30,30,55,30,30,30,55,30,30,30,55,30,30,30,55,30,30,30,55,30,30,30,55,30,0,0,0,0,0,0,0,0,0,0,0,0,0,0,0,0,0,0,0,0,0,55,55,55,55,55,55,55,55,55,30,30,0,30,0,30,0,55,55,0,0,55,55,25,55,30,30,55,55,55,55,55,0,0,0,0,0,0,0,55,55,55,0,0,55,0,55,55,55,55,55,0,25,55,55
"56","ITA_1","OTC",55,55,55,55,0,55,55,55,55,0,55,55,55,30,55,0,0,25,0,0,0,55,55,55,55,55,55,30,0,55,0,0,55,0,55,0,55,55,55,55,30,0,0,25,25,0,0,0,0,0,0,0,0,0,0,0,0,0,0,0,0,0,30,30,0,0,0,0,0,0,0,0,0,0,0,0,0,0,0,0,0,0,0,0,0,0,0,0,0,0,0,0,0,0,0,0,0,0,0,0,0,0,0,0,0,0,0,0,0,0,0,0,0,30,0,0,30,0,0,0,30,0,0,0,0,55,30,30,30,55,30,30,30,55,30,30,30,55,30,30,30,55,30,30,30,55,30,30,30,55,30,30,30,55,30,0,0,0,0,0,0,0,0,0,0,0,0,0,0,0,0,0,0,0,0,0,55,55,55,55,55,55,55,55,55,30,30,0,30,0,30,0,55,55,0,0,55,55,25,55,30,30,55,55,55,55,55,0,0,0,0,0,0,0,55,55,55,0,0,55,0,55,55,55,55,55,0,25,55,55
"57","ITA_2","CTL",55,55,55,55,0,55,55,55,55,0,55,55,55,30,55,0,0,25,0,0,0,55,55,55,55,55,55,30,0,55,0,0,55,0,55,0,55,55,55,55,30,0,0,25,25,0,0,0,0,0,0,0,0,0,0,0,0,0,0,0,0,0,30,30,0,0,0,0,0,0,0,0,0,0,0,0,0,0,0,0,0,0,0,0,0,0,0,0,0,0,0,0,0,0,0,0,0,0,0,0,0,0,0,0,0,0,0,0,0,0,0,0,0,30,0,0,30,0,0,0,30,0,0,0,0,55,30,30,30,55,30,30,30,55,30,30,30,55,30,30,30,55,30,30,30,55,30,30,30,55,30,30,30,55,30,0,0,0,0,0,0,0,0,0,0,0,0,0,0,0,0,0,0,0,0,0,55,55,55,55,55,55,55,55,55,30,30,0,30,0,30,0,55,55,0,0,55,55,25,55,30,30,55,55,55,55,55,0,0,0,0,0,0,0,55,55,55,0,0,55,0,55,55,55,55,55,0,55,55,55
"58","ITA_2","OTC",55,55,55,55,0,55,55,55,55,0,55,55,55,30,55,0,0,25,0,0,0,55,55,55,55,55,55,30,0,55,0,0,55,0,55,0,55,55,55,55,30,0,0,25,25,0,0,0,0,0,0,0,0,0,0,0,0,0,0,0,0,0,30,30,0,0,0,0,0,0,0,0,0,0,0,0,0,0,0,0,0,0,0,0,0,0,0,0,0,0,0,0,0,0,0,0,0,0,0,0,0,0,0,0,0,0,0,0,0,0,0,0,0,30,0,0,30,0,0,0,30,0,0,0,0,55,30,30,30,55,30,30,30,55,30,30,30,55,30,30,30,55,30,30,30,55,30,30,30,55,30,30,30,55,30,0,0,0,0,0,0,0,0,0,0,0,0,0,0,0,0,0,0,0,0,0,55,55,55,55,55,55,55,55,55,30,30,0,30,0,30,0,55,55,0,0,55,55,25,55,30,30,55,55,55,55,55,0,0,0,0,0,0,0,55,55,55,0,0,55,0,55,55,55,55,55,0,55,55,55
"59","ITA_3","CTL",30,30,30,30,15,30,30,30,30,15,30,30,30,15,30,0,0,15,0,0,0,30,30,30,30,30,30,15,0,30,0,0,30,0,30,0,30,30,30,30,15,0,0,15,15,0,0,0,0,0,0,0,0,0,0,0,0,0,0,0,0,0,15,15,0,0,0,0,0,0,0,0,0,0,0,0,0,0,0,0,0,0,0,0,0,0,0,0,0,0,0,0,0,0,0,0,0,0,0,0,0,0,0,0,0,0,0,0,0,0,0,0,0,15,0,0,15,0,0,0,15,0,0,0,0,30,15,15,15,30,15,15,15,30,15,15,15,30,15,15,15,30,15,15,15,30,15,15,15,30,15,15,15,30,15,0,0,0,0,0,0,0,0,0,0,0,0,0,0,0,0,0,0,0,0,0,30,30,30,30,30,30,30,30,30,15,15,0,15,0,15,0,30,30,0,0,30,30,15,30,15,15,30,30,30,30,30,0,0,0,0,0,0,0,30,30,30,0,0,30,0,30,30,30,30,30,0,30,30,30
"60","ITA_4","CTL",30,30,30,30,15,30,30,30,30,15,30,30,30,15,30,0,0,15,0,0,0,30,30,30,30,30,30,15,0,30,0,0,30,0,30,0,30,30,30,30,15,0,0,15,15,0,0,0,0,0,0,0,0,0,0,0,0,0,0,0,0,0,15,15,0,0,0,0,0,0,0,0,0,0,0,0,0,0,0,0,0,0,0,0,0,0,0,0,0,0,0,0,0,0,0,0,0,0,0,0,0,0,0,0,0,0,0,0,0,0,0,0,0,15,0,0,15,0,0,0,15,0,0,0,0,30,15,15,15,30,15,15,15,30,15,15,15,30,15,15,15,30,15,15,15,30,15,15,15,30,15,15,15,30,15,0,0,0,0,0,0,0,0,0,0,0,0,0,0,0,0,0,0,0,0,0,30,30,30,30,30,30,30,30,30,15,15,0,15,0,15,0,30,30,0,0,30,30,15,30,15,15,30,30,30,30,30,0,0,0,0,0,0,0,30,30,30,0,0,30,0,30,30,30,30,30,0,30,30,30
"61","ITA_4","OTC",15,15,15,15,0,15,15,15,15,15,15,15,15,15,15,0,0,0,0,0,0,15,15,15,15,15,15,15,0,15,0,0,15,0,15,0,15,15,15,15,15,0,0,0,0,0,0,0,0,0,0,0,0,0,0,0,0,0,0,0,0,0,15,15,0,0,0,0,0,0,0,0,0,0,0,0,0,0,0,0,0,0,0,0,0,0,0,0,0,0,0,0,0,0,0,0,0,0,0,0,0,0,0,0,0,0,0,0,0,0,0,0,0,15,0,0,15,0,0,0,15,0,0,0,0,15,15,15,15,15,15,15,15,15,15,15,15,15,15,15,15,15,15,15,15,15,15,15,15,15,15,15,15,15,15,0,0,0,0,0,0,0,0,0,0,0,0,0,0,0,0,0,0,0,0,0,15,15,15,15,15,15,15,15,15,15,15,0,15,0,15,0,15,15,0,0,15,15,0,15,15,15,15,15,15,15,15,0,0,0,0,0,0,0,15,15,15,0,0,15,0,15,15,15,15,15,0,15,15,15
"62","ITA_5","CTL",85,85,85,85,0,85,85,85,85,25,85,85,85,55,85,0,0,60,0,0,0,85,85,85,85,85,85,25,85,85,25,0,85,0,85,0,85,85,85,85,55,0,0,60,60,0,0,0,0,0,0,0,0,0,0,0,0,0,0,0,0,0,25,25,0,0,0,0,0,0,0,0,0,0,0,0,0,0,0,0,0,0,0,0,0,0,0,0,0,0,0,0,0,0,0,0,0,0,0,0,0,0,0,0,0,0,0,0,0,0,0,0,0,25,0,0,25,0,0,0,25,0,0,0,0,85,25,25,25,85,25,25,25,0,0,25,0,85,25,25,25,85,25,25,25,85,25,25,25,85,25,25,25,85,25,0,0,0,0,0,0,0,0,0,0,0,0,0,0,0,0,0,0,0,0,0,85,85,85,85,85,85,85,85,85,25,25,0,25,0,25,0,85,85,0,0,85,85,60,85,25,25,85,85,85,85,85,0,0,0,0,0,0,0,85,85,85,0,0,85,0,85,85,85,85,85,0,85,85,85
"63","ITA_5","OTC",85,85,85,85,0,85,85,85,85,25,85,85,85,55,85,0,0,60,0,0,0,85,85,85,85,85,85,25,85,85,25,0,85,0,85,0,85,85,85,85,55,0,0,60,60,0,0,0,0,0,0,0,0,0,0,0,0,0,0,0,0,0,25,25,0,0,0,0,0,0,0,0,0,0,0,0,0,0,0,0,0,0,0,0,0,0,0,0,0,0,0,0,0,0,0,0,0,0,0,0,0,0,0,0,0,0,0,0,0,0,0,0,0,25,0,0,25,0,0,0,25,0,0,0,0,85,25,25,25,85,25,25,25,0,0,25,0,85,25,25,25,85,25,25,25,85,25,25,25,85,25,25,25,85,25,0,0,0,0,0,0,0,0,0,0,0,0,0,0,0,0,0,0,0,0,0,85,85,85,85,85,85,85,85,85,25,25,0,25,0,25,0,85,85,0,0,85,85,60,85,25,25,85,85,85,85,85,0,0,0,0,0,0,0,85,85,85,0,0,85,0,85,85,85,85,85,0,85,85,85
"64","NOR_10","CTL",34,34,34,34,0,34,34,34,34,14,34,34,34,34,20,0,0,20,0,0,0,0,34,34,34,28,34,34,18,34,20,0,34,0,34,0,34,20,34,34,34,0,0,20,20,0,0,0,0,0,0,0,0,0,0,0,0,0,0,0,0,0,0,0,0,0,0,0,0,0,0,0,0,0,0,0,0,0,0,0,0,0,0,0,0,0,0,0,0,0,0,0,0,0,0,0,0,0,0,0,0,0,0,0,0,0,0,0,0,0,0,0,14,14,14,0,14,0,0,0,14,0,0,0,0,34,14,14,14,34,14,14,14,23,14,14,14,34,14,14,14,34,14,14,14,34,14,14,14,34,14,14,14,34,14,0,0,0,0,0,0,0,0,0,0,0,0,0,0,0,0,0,0,0,0,0,34,34,34,34,34,34,34,34,14,14,34,0,14,0,14,0,14,14,0,14,34,34,20,0,14,14,34,34,34,34,34,0,0,0,0,0,0,0,34,34,34,20,20,34,20,34,34,14,34,34,0,34,20,34
"65","NOR_10","OTC",35,35,35,35,0,35,35,35,35,15,35,35,35,35,20,0,0,20,0,0,0,0,35,35,35,28,35,35,17,35,20,0,35,0,35,0,35,20,35,35,35,0,0,20,20,0,0,0,0,0,0,0,0,0,0,0,0,0,0,0,0,0,0,0,0,0,0,0,0,0,0,0,0,0,0,0,0,0,0,0,0,0,0,0,0,0,0,0,0,0,0,0,0,0,0,0,0,0,0,0,0,0,0,0,0,0,0,0,0,0,0,0,15,15,15,0,15,0,0,0,15,0,0,0,0,35,15,15,15,35,15,15,15,19,15,15,15,35,15,15,15,35,15,15,15,35,15,15,15,35,15,15,15,35,15,0,0,0,0,0,0,0,0,0,0,0,0,0,0,0,0,0,0,0,0,0,35,35,35,35,35,35,35,35,15,15,35,0,15,0,15,0,15,15,0,15,35,35,20,0,15,15,35,35,35,35,35,0,0,0,0,0,0,0,35,35,35,20,20,35,20,35,35,15,35,35,0,35,20,35
"66","NOR_11","CTL",31,16,31,31,15,31,31,31,31,0,31,31,16,16,16,0,0,16,0,0,0,0,16,19,16,19,16,16,16,16,16,0,16,0,16,0,31,16,31,16,16,0,0,16,16,0,0,0,0,0,0,0,0,0,0,0,0,0,0,15,0,0,0,0,0,0,0,0,0,0,0,0,0,0,0,0,0,0,0,0,0,0,0,0,0,0,0,0,0,0,0,0,0,0,0,0,0,0,0,0,0,0,0,0,0,0,0,0,0,0,0,0,0,15,15,0,15,0,0,0,15,0,0,0,0,16,15,15,15,16,15,15,15,3,15,15,15,16,15,15,15,16,15,15,15,16,15,15,15,16,15,15,15,16,15,0,0,0,0,0,0,0,0,0,0,0,0,0,0,0,0,0,0,0,0,0,31,31,31,31,31,15,31,31,15,15,31,0,15,0,15,0,15,15,0,15,31,31,16,0,15,15,31,31,31,31,31,0,0,0,0,0,0,0,31,31,31,16,16,31,16,31,31,31,31,31,0,15,16,31
"67","NOR_11","OTC",33,18,33,33,15,33,33,33,33,0,33,33,18,18,18,0,0,18,0,0,0,0,18,20,18,20,18,18,17,18,18,0,18,0,18,0,33,18,33,18,18,0,0,18,18,0,0,0,0,0,0,0,0,0,0,0,0,0,0,15,0,0,0,0,0,0,0,0,0,0,0,0,0,0,0,0,0,0,0,0,0,0,0,0,0,0,0,0,0,0,0,0,0,0,0,0,0,0,0,0,0,0,0,0,0,0,0,0,0,0,0,0,0,15,15,0,15,0,0,0,15,0,0,0,0,18,15,15,15,18,15,15,15,0,15,15,15,18,15,15,15,18,15,15,15,18,15,15,15,18,15,15,15,18,15,0,0,0,0,0,0,0,0,0,0,0,0,0,0,0,0,0,0,0,0,0,33,33,33,33,33,15,33,33,15,15,33,0,15,0,15,0,15,15,0,15,33,33,18,0,15,15,33,33,33,33,33,0,0,0,0,0,0,0,33,33,33,18,18,33,18,33,33,33,33,33,0,15,18,33
"68","NOR_12","CTL",28,28,28,28,0,28,28,28,28,14,28,28,28,28,14,0,0,14,0,0,0,0,28,20,28,20,28,14,14,28,0,0,28,0,28,0,28,14,28,28,28,0,0,14,14,0,0,0,0,0,0,0,0,0,0,0,0,0,0,14,14,14,0,0,0,0,0,0,0,0,0,0,0,0,0,0,0,0,0,0,0,0,0,0,0,0,0,0,0,0,0,0,0,0,0,0,0,0,0,0,0,0,0,0,0,0,0,0,0,0,0,0,14,14,14,0,14,0,0,0,14,0,0,0,0,25,14,14,14,26,14,14,14,22,14,14,14,28,14,14,14,28,14,14,14,28,14,14,14,28,14,14,14,28,14,0,0,0,0,0,0,0,0,0,0,0,0,0,0,0,0,0,0,0,0,0,28,28,14,14,14,14,28,28,14,14,28,0,14,0,14,0,14,14,0,14,28,28,14,0,14,14,28,28,28,28,28,0,0,0,0,0,0,0,28,28,28,14,14,28,14,28,28,28,28,28,0,14,14,28
"69","NOR_12","OTC",25,25,25,25,0,25,25,25,25,13,25,25,25,25,12,0,0,12,0,0,0,0,25,18,25,18,25,13,12,25,0,0,25,0,25,0,25,12,25,25,25,0,0,12,12,0,0,0,0,0,0,0,0,0,0,0,0,0,0,13,13,13,0,0,0,0,0,0,0,0,0,0,0,0,0,0,0,0,0,0,0,0,0,0,0,0,0,0,0,0,0,0,0,0,0,0,0,0,0,0,0,0,0,0,0,0,0,0,0,0,0,0,13,13,13,0,13,0,0,0,13,0,0,0,0,25,13,13,13,23,13,13,13,13,13,13,13,25,13,13,13,25,13,13,13,25,13,13,13,25,13,13,13,25,13,0,0,0,0,0,0,0,0,0,0,0,0,0,0,0,0,0,0,0,0,0,25,25,13,13,13,13,25,25,13,13,25,0,13,0,13,0,13,13,0,13,25,25,12,0,13,13,25,25,25,25,25,0,0,0,0,0,0,0,25,25,25,12,12,25,12,25,25,25,25,25,0,13,12,25
"70","NOR_6","CTL",38,38,38,38,0,38,38,38,38,38,38,38,38,38,32,5,32,32,32,32,5,0,38,32,38,38,38,38,32,38,32,0,38,36,38,0,38,32,38,38,38,5,5,32,32,32,32,0,0,0,0,0,0,0,0,0,0,0,0,0,0,0,38,38,32,32,32,32,0,0,0,0,0,0,0,0,32,0,32,0,0,0,0,0,32,32,32,32,0,0,0,0,0,0,0,0,0,0,0,0,0,0,0,0,32,32,32,32,0,0,0,0,38,38,32,0,38,0,38,38,38,38,38,38,38,38,38,38,38,38,38,38,38,38,38,38,38,38,38,38,38,38,38,38,38,38,38,38,38,38,38,38,38,38,38,0,0,0,0,0,0,0,0,0,0,0,0,0,0,0,0,0,0,0,0,0,38,38,38,38,38,38,38,38,38,38,38,0,38,0,38,0,38,38,38,38,38,38,0,38,38,38,38,38,38,38,38,32,32,32,32,32,32,32,38,38,38,0,0,38,0,38,38,38,38,38,0,38,0,38
"71","NOR_6","OTC",32,32,32,32,0,32,32,32,32,30,32,32,32,32,26,5,26,26,26,26,5,0,32,26,32,32,32,32,26,32,26,0,32,32,32,0,32,26,32,32,32,5,5,26,26,26,26,0,0,0,0,0,0,0,0,0,0,0,0,0,0,0,30,30,25,26,26,26,0,0,0,0,0,0,0,0,25,0,26,0,0,0,0,0,25,26,26,26,0,0,0,0,0,0,0,0,0,0,0,0,0,0,0,0,25,26,26,26,0,0,0,0,30,32,26,0,32,0,30,32,32,30,32,32,32,30,32,32,32,30,32,32,32,30,32,32,32,30,32,32,32,30,32,32,32,30,32,32,32,30,32,32,32,30,32,0,0,0,0,0,0,0,0,0,0,0,0,0,0,0,0,0,0,0,0,0,32,32,32,32,32,32,32,32,32,32,32,0,32,0,32,0,32,32,32,32,32,32,0,32,32,32,32,32,32,32,32,26,26,26,26,26,26,26,32,32,32,0,0,32,0,32,32,32,32,32,0,32,0,32
"72","NOR_7","CTL",39,39,39,39,0,39,39,39,39,37,39,39,39,39,33,5,33,33,33,33,5,0,39,33,39,39,39,39,33,39,33,0,39,39,39,0,39,33,39,39,39,5,5,33,33,33,33,0,0,0,0,0,0,0,0,0,0,0,0,0,0,0,37,37,0,0,0,0,0,0,0,0,0,0,0,0,0,0,0,0,0,0,0,0,0,0,0,0,0,0,0,0,0,0,0,0,0,0,0,0,0,0,0,0,0,0,0,0,0,0,0,0,37,39,0,0,39,0,37,39,39,37,39,39,39,37,39,39,39,37,39,39,39,37,39,39,39,37,39,39,39,37,39,39,39,37,39,39,39,37,39,39,39,37,39,0,0,0,0,0,0,0,0,0,0,0,0,0,0,0,0,0,0,0,0,0,6,6,39,39,39,39,39,39,39,39,39,0,39,0,39,0,39,39,39,39,39,39,0,39,39,39,39,39,39,39,39,33,33,33,33,33,33,33,39,39,39,0,0,39,0,39,39,39,39,39,0,39,0,39
"73","NOR_7","OTC",32,32,32,32,0,32,32,32,32,32,32,32,32,32,26,4,26,26,26,26,4,0,32,26,32,32,32,32,25,32,26,0,32,32,32,0,32,26,32,32,32,4,4,26,26,26,26,0,0,0,0,0,0,0,0,0,0,0,0,0,0,0,32,32,0,0,0,0,0,0,0,0,0,0,0,0,0,0,0,0,0,0,0,0,0,0,0,0,0,0,0,0,0,0,0,0,0,0,0,0,0,0,0,0,0,0,0,0,0,0,0,0,32,32,0,0,32,0,32,32,32,32,32,32,32,32,32,32,32,32,32,32,32,32,32,32,32,32,32,32,32,32,32,32,32,32,32,32,32,32,32,32,32,32,32,0,0,0,0,0,0,0,0,0,0,0,0,0,0,0,0,0,0,0,0,0,6,6,32,32,32,32,32,32,32,32,32,0,32,0,32,0,32,32,32,32,32,32,0,32,32,32,32,32,32,32,32,26,26,26,26,26,26,26,32,32,32,0,0,32,0,32,32,32,32,32,0,32,0,32
"74","NOR_8","CTL",31,31,31,31,0,31,31,31,31,30,31,31,31,31,25,4,25,25,25,25,4,0,31,25,31,31,31,31,25,31,25,18,31,0,31,0,31,25,31,31,31,4,4,25,25,25,25,0,0,0,0,0,0,0,0,0,0,0,0,0,0,0,30,30,0,0,0,0,0,0,0,0,0,0,0,0,0,0,0,0,0,0,0,0,0,0,0,0,0,0,0,0,0,0,0,0,0,0,0,0,0,0,0,0,0,0,0,0,0,0,0,0,30,31,0,0,31,0,0,31,31,30,31,31,31,30,31,31,31,30,31,31,31,30,31,31,31,30,31,31,31,30,31,31,31,30,31,31,31,30,31,31,31,30,31,0,0,0,0,0,0,0,0,0,0,0,0,0,0,0,0,0,0,0,0,0,31,31,31,31,31,31,31,31,31,31,31,0,31,0,31,0,31,31,0,31,31,31,0,31,31,31,31,31,31,31,31,25,25,25,25,25,25,25,31,31,31,0,0,31,0,31,31,31,31,31,0,31,0,31
"75","NOR_8","OTC",27,27,27,27,0,27,27,27,27,27,27,27,27,27,22,3,22,22,22,22,3,0,27,22,27,27,27,27,22,27,22,0,27,0,27,0,27,22,27,27,27,3,3,22,22,22,22,0,0,0,0,0,0,0,0,0,0,0,0,0,0,0,27,27,0,0,0,0,0,0,0,0,0,0,0,0,0,0,0,0,0,0,0,0,0,0,0,0,0,0,0,0,0,0,0,0,0,0,0,0,0,0,0,0,0,0,0,0,0,0,0,0,27,27,0,0,27,0,0,27,27,27,27,27,27,27,27,27,27,27,27,27,27,27,27,27,27,27,27,27,27,27,27,27,27,27,27,27,27,27,27,27,27,27,27,0,0,0,0,0,0,0,0,0,0,0,0,0,0,0,0,0,0,0,0,0,27,27,27,27,27,27,27,27,27,27,27,0,27,0,27,0,27,27,0,27,27,27,0,27,27,27,27,27,27,27,27,22,22,22,22,22,22,22,27,27,27,0,0,27,0,27,27,27,27,27,0,27,0,27
"76","NOR_9","CTL",25,25,25,25,0,25,25,25,25,14,25,25,25,25,11,0,0,11,0,0,0,0,25,20,25,20,25,25,11,25,11,0,25,0,25,0,25,11,25,25,25,0,0,11,11,0,0,0,0,0,0,0,0,0,0,0,0,0,0,0,0,0,0,0,0,0,0,0,0,0,0,0,0,0,0,0,0,0,0,0,0,0,0,0,0,0,0,0,0,0,0,0,0,0,0,0,0,0,0,0,0,0,0,0,0,0,0,0,0,0,0,0,14,14,14,0,14,0,0,0,14,0,0,0,0,25,14,14,14,25,14,14,14,16,14,14,14,25,14,14,14,25,14,14,14,25,14,14,14,25,14,14,14,25,14,0,0,0,0,0,0,0,0,0,0,0,0,0,0,0,0,0,0,0,0,0,25,25,25,25,25,14,25,25,14,14,25,0,14,0,14,0,14,14,0,14,25,25,11,0,14,14,25,25,25,25,25,0,0,0,0,0,0,0,25,25,25,11,11,25,11,25,25,25,25,25,0,14,11,25
"77","NOR_9","OTC",26,26,26,26,0,26,26,26,26,14,26,26,26,26,12,0,0,12,0,0,0,0,26,19,26,19,26,26,11,26,12,0,26,0,26,0,26,12,26,26,26,0,0,12,12,0,0,0,0,0,0,0,0,0,0,0,0,0,0,0,0,0,0,0,0,0,0,0,0,0,0,0,0,0,0,0,0,0,0,0,0,0,0,0,0,0,0,0,0,0,0,0,0,0,0,0,0,0,0,0,0,0,0,0,0,0,0,0,0,0,0,0,14,14,14,0,14,0,0,0,14,0,0,0,0,26,14,14,14,26,14,14,14,14,14,14,14,26,14,14,14,26,14,14,14,26,14,14,14,26,14,14,14,26,14,0,0,0,0,0,0,0,0,0,0,0,0,0,0,0,0,0,0,0,0,0,26,26,26,26,26,14,26,26,14,14,26,0,14,0,14,0,14,14,0,14,26,26,12,0,14,14,26,26,26,26,26,0,0,0,0,0,0,0,26,26,26,12,12,26,12,26,26,26,26,26,0,14,12,26
"78","RUS_1","CTL",94,94,94,94,0,94,94,94,94,94,94,94,94,94,94,0,94,94,94,94,0,91,94,94,94,94,94,94,94,94,94,41,94,94,94,0,94,94,94,94,94,0,0,94,94,94,94,0,0,0,0,0,0,0,0,0,0,0,0,0,0,0,94,94,94,94,94,94,57,94,94,94,75,94,94,94,94,94,94,84,94,94,94,84,94,94,94,84,94,94,94,84,94,94,84,94,94,84,61,94,94,94,94,94,94,94,94,94,0,94,94,94,94,94,94,0,94,0,94,94,94,0,0,0,0,0,0,0,0,94,94,94,94,94,94,94,94,94,94,94,94,94,94,94,94,94,94,94,94,94,94,94,94,94,94,0,0,0,0,0,0,0,0,0,0,0,0,0,0,0,0,0,0,0,0,0,94,94,94,94,94,94,94,94,94,94,94,0,94,0,94,0,94,94,94,94,94,94,0,94,94,94,94,94,94,94,94,94,94,94,94,94,94,94,94,94,94,0,0,94,0,94,94,0,94,94,0,94,0,94
"79","RUS_1","OTC",95,95,95,95,0,95,95,95,95,95,95,95,95,95,95,0,95,95,95,95,0,89,95,95,95,95,95,95,95,95,95,37,95,95,95,0,95,95,95,95,95,0,0,95,95,95,95,0,0,0,0,0,0,0,0,0,0,0,0,0,0,0,95,95,95,95,95,95,19,95,95,95,55,95,95,95,95,95,95,85,95,95,95,85,95,95,95,85,95,95,95,85,95,95,85,95,95,85,10,95,95,95,95,95,0,95,95,95,0,95,95,95,95,95,95,0,95,0,95,95,95,0,0,0,0,0,0,0,0,95,95,95,95,95,95,95,95,95,95,95,95,95,95,95,95,95,95,95,95,95,95,95,95,95,95,0,0,0,0,0,0,0,0,0,0,0,0,0,0,0,0,0,0,0,0,0,95,95,95,95,95,95,95,95,95,95,95,0,95,0,95,0,95,95,95,95,95,95,0,95,95,95,95,95,95,95,95,95,95,95,95,95,95,95,95,95,95,0,0,95,0,95,95,0,95,95,0,95,0,95
"80","RUS_2","CTL",87,87,87,87,0,87,87,87,87,87,87,87,87,87,87,0,87,87,87,87,0,87,87,87,87,87,87,87,87,87,87,45,87,87,87,0,87,87,87,87,87,0,0,87,87,87,87,0,0,0,0,0,0,0,0,0,0,0,0,0,0,0,87,87,87,0,87,87,87,87,87,87,0,0,0,0,87,87,87,79,0,0,0,0,87,87,87,79,0,0,0,0,87,87,79,0,0,0,87,87,87,0,0,0,87,87,87,87,0,0,0,0,87,87,87,0,87,0,87,87,87,0,0,0,0,0,0,0,0,87,87,87,87,87,87,87,87,87,87,87,87,87,87,87,87,87,87,87,87,87,87,87,87,87,87,0,0,0,0,0,0,0,0,0,0,0,0,0,0,0,0,0,0,0,0,0,87,87,87,87,87,87,87,87,87,87,87,0,87,0,87,0,87,87,87,87,87,87,0,87,87,87,87,87,87,87,87,87,87,87,87,87,87,87,87,87,87,0,0,87,0,87,87,0,87,87,0,87,0,87
"81","RUS_2","OTC",89,89,89,89,0,89,89,89,89,89,89,89,89,89,89,0,89,89,89,89,0,88,89,89,89,89,89,89,89,89,89,31,89,89,89,0,89,89,89,89,89,0,0,89,89,89,89,0,0,0,0,0,0,0,0,0,0,0,0,0,0,0,89,89,89,0,89,89,77,89,89,89,0,0,0,0,89,89,89,80,0,0,0,0,89,89,89,80,0,0,0,0,89,89,80,0,0,0,57,89,89,0,0,0,0,89,89,89,0,0,0,0,89,89,89,0,89,0,89,89,89,0,0,0,0,0,0,0,0,89,89,89,89,89,89,89,89,89,89,89,89,89,89,89,89,89,89,89,89,89,89,89,89,89,89,0,0,0,0,0,0,0,0,0,0,0,0,0,0,0,0,0,0,0,0,0,89,89,89,89,89,89,89,89,89,89,89,0,89,0,89,0,89,89,89,89,89,89,0,89,89,89,89,89,89,89,89,89,89,89,89,89,89,89,89,89,89,0,0,89,0,89,89,0,89,89,0,89,0,89
"82","RUS_3","CTL",88,88,88,88,0,88,88,88,88,88,88,88,88,88,88,0,88,88,88,88,0,85,88,87,88,88,88,88,88,88,88,39,88,88,88,0,88,88,88,88,88,0,0,88,88,88,88,0,0,0,0,0,0,0,0,0,0,0,0,0,0,0,88,88,88,88,79,88,82,88,88,88,0,0,0,0,82,88,88,79,0,0,0,0,82,88,88,79,0,0,0,0,82,88,79,0,0,0,72,88,88,0,0,0,88,88,88,88,0,0,0,0,88,88,88,0,88,0,88,88,88,0,0,0,0,0,0,0,0,0,58,88,9,0,58,88,9,0,58,88,9,0,58,88,9,0,58,88,9,0,58,88,9,0,88,0,0,0,0,0,0,0,0,0,0,0,0,0,0,0,0,0,0,0,0,0,88,88,88,88,88,88,88,88,88,88,88,0,88,0,88,0,88,88,88,88,88,88,0,88,88,88,88,88,88,88,88,88,88,88,88,88,88,88,88,88,88,0,0,88,0,88,88,0,88,88,0,88,0,88
"83","RUS_3","OTC",89,89,89,89,0,89,89,89,89,89,89,89,89,89,89,0,89,89,89,89,0,88,89,88,89,89,89,89,89,89,89,46,89,89,89,0,89,89,89,89,89,0,0,89,89,89,89,0,0,0,0,0,0,0,0,0,0,0,0,0,0,0,89,89,89,89,80,89,89,89,89,89,0,0,0,0,89,89,89,80,0,0,0,0,89,89,89,80,0,0,0,0,89,89,80,0,0,0,89,89,89,0,0,0,0,89,89,89,0,0,0,0,89,89,89,0,89,0,89,89,89,0,0,0,0,0,0,0,0,0,59,89,9,0,59,89,9,0,59,89,9,0,59,89,9,0,59,89,9,0,59,89,9,0,89,0,0,0,0,0,0,0,0,0,0,0,0,0,0,0,0,0,0,0,0,0,89,89,89,89,89,89,89,89,89,89,89,0,89,0,89,0,89,89,89,89,89,89,0,89,89,89,89,89,89,89,89,89,89,89,89,89,89,89,89,89,89,0,0,89,0,89,89,0,89,89,0,89,0,89
"84","SVA_1","CTL",120,120,120,120,0,120,120,120,120,0,120,120,120,120,120,0,0,120,0,0,0,112,120,120,120,120,120,120,120,120,120,0,120,0,120,120,120,120,120,120,120,0,0,120,120,0,0,0,0,0,120,0,0,0,0,0,0,0,0,0,0,0,0,0,96,0,0,0,0,0,0,0,0,0,0,0,0,0,0,0,0,0,0,0,0,0,0,0,0,0,0,0,96,0,0,0,0,0,96,0,0,0,0,0,0,0,0,0,0,0,0,0,0,0,0,0,0,0,0,0,0,96,0,0,0,0,0,0,0,96,0,0,0,96,0,0,0,96,0,0,0,96,0,0,0,96,0,0,0,96,0,0,0,96,0,0,0,0,0,0,0,0,0,0,0,0,0,0,0,0,0,0,0,0,0,0,120,96,120,120,120,120,120,120,120,0,120,0,0,0,120,0,120,120,0,0,120,120,120,0,0,0,120,120,120,120,120,0,0,0,0,0,0,0,120,120,120,0,0,120,0,120,120,120,120,120,0,120,120,120
"85","SVA_1","OTC",95,95,95,95,0,95,95,95,95,0,95,95,95,95,95,0,0,95,0,0,0,95,95,95,95,95,95,95,95,95,95,0,95,0,95,95,95,95,95,95,95,0,0,95,95,0,0,0,0,0,95,0,0,0,0,0,0,0,0,0,0,0,0,0,95,0,0,0,0,0,0,0,0,0,0,0,0,0,0,0,0,0,0,0,0,0,0,0,0,0,0,0,95,0,0,0,0,0,95,0,0,0,0,0,0,0,0,0,0,0,0,0,0,0,0,0,0,0,0,0,0,95,0,0,0,0,0,0,0,95,0,0,0,95,0,0,0,95,0,0,0,95,0,0,0,95,0,0,0,95,0,0,0,95,0,0,0,0,0,0,0,0,0,0,0,0,0,0,0,0,0,0,0,0,0,0,95,95,95,95,95,95,95,95,95,0,95,0,0,0,95,0,95,95,0,0,95,95,95,0,0,0,95,95,95,95,95,0,0,0,0,0,0,0,95,95,95,0,0,95,0,95,95,95,95,95,0,95,95,95
"86","SVA_10","CTL",24,24,24,24,0,24,24,24,24,0,24,24,24,0,24,0,0,24,0,0,24,0,24,0,24,24,24,24,24,24,24,0,24,0,24,0,24,24,24,24,0,24,24,24,24,0,0,0,0,0,0,0,0,0,0,0,0,0,0,0,0,0,0,0,24,0,0,0,24,0,0,0,0,0,0,0,24,0,0,0,0,0,0,0,0,0,0,0,0,0,0,0,0,0,0,0,0,0,24,0,0,0,0,0,0,0,0,0,0,0,0,0,0,0,0,0,0,0,0,0,0,0,0,0,0,0,0,0,0,24,0,0,0,24,0,0,0,24,0,0,0,24,0,0,0,24,0,0,0,24,0,0,0,24,0,0,0,0,0,0,0,0,0,0,0,0,0,0,0,0,0,0,0,0,0,0,24,0,24,24,24,24,24,24,24,0,24,0,0,0,24,0,24,24,0,0,24,24,24,24,0,0,24,24,24,24,24,0,0,24,24,24,24,24,24,24,24,24,24,24,24,24,24,24,24,24,0,24,0,24
"87","SVA_10","OTC",24,24,24,24,0,24,24,24,24,0,24,24,24,0,24,0,0,24,0,0,24,0,24,0,24,24,24,24,24,24,24,0,24,0,24,0,24,24,24,24,0,24,24,24,24,0,0,0,0,0,0,0,0,0,0,0,0,0,0,0,0,0,0,0,24,0,0,0,22,0,0,0,0,0,0,0,24,0,0,0,0,0,0,0,0,0,0,0,0,0,0,0,0,0,0,0,0,0,22,0,0,0,0,0,0,0,0,0,0,0,0,0,0,0,0,0,0,0,0,0,0,0,0,0,0,0,0,0,0,24,0,0,0,24,0,0,0,24,0,0,0,24,0,0,0,24,0,0,0,24,0,0,0,22,0,0,0,0,0,0,0,0,0,0,0,0,0,0,0,0,0,0,0,0,0,0,24,0,24,24,24,24,24,24,24,0,24,0,0,0,24,0,24,24,0,0,24,24,24,24,0,0,24,24,24,24,24,0,0,24,24,24,24,24,24,24,24,24,24,24,24,24,24,24,24,24,0,24,0,24
"88","SVA_2","CTL",119,119,119,119,0,119,119,119,119,0,119,119,119,119,119,0,0,119,0,0,0,112,119,119,119,119,119,119,119,119,119,0,119,0,119,119,119,119,119,119,119,0,0,119,119,0,0,0,0,0,119,0,0,0,0,0,0,0,0,0,0,0,0,0,95,0,0,0,0,0,0,0,0,0,0,0,0,0,0,0,0,0,0,0,0,0,0,0,0,0,0,0,95,0,0,0,0,0,95,0,0,0,0,0,0,0,0,0,0,0,0,0,0,0,0,0,0,0,0,0,0,95,0,0,0,0,0,0,0,95,0,0,0,95,0,0,0,95,0,0,0,95,0,0,0,95,0,0,0,95,0,0,0,95,0,0,0,0,0,0,0,0,0,0,0,0,0,0,0,0,0,0,0,0,0,0,119,95,119,119,119,119,119,119,119,0,119,0,0,0,119,0,119,119,0,0,119,119,119,119,0,0,119,119,119,119,119,0,0,0,0,0,0,0,119,119,119,0,0,119,0,119,119,119,119,119,0,119,119,119
"89","SVA_2","OTC",94,94,94,94,0,94,94,94,94,0,94,94,94,94,94,0,0,94,0,0,0,90,94,94,94,94,94,94,94,94,94,0,94,0,94,94,94,94,94,94,94,0,0,94,94,0,0,0,0,0,94,0,0,0,0,0,0,0,0,0,0,0,0,0,94,0,0,0,0,0,0,0,0,0,0,0,0,0,0,0,0,0,0,0,0,0,0,0,0,0,0,0,94,0,0,0,0,0,94,0,0,0,0,0,0,0,0,0,0,0,0,0,0,0,0,0,0,0,0,0,0,94,0,0,0,0,0,0,0,94,0,0,0,94,0,0,0,94,0,0,0,94,0,0,0,94,0,0,0,94,0,0,0,94,0,0,0,0,0,0,0,0,0,0,0,0,0,0,0,0,0,0,0,0,0,0,94,94,94,94,94,94,94,94,94,0,94,0,0,0,94,0,94,94,0,0,94,94,94,94,0,0,94,94,94,94,94,0,0,0,0,0,0,0,94,94,94,0,0,94,0,94,94,94,94,94,0,94,94,94
"90","SVA_3","CTL",104,104,104,104,0,104,104,104,104,0,104,104,104,104,104,0,0,104,0,0,0,98,104,104,104,104,104,104,104,104,104,0,104,0,104,104,104,104,104,104,104,0,0,104,104,0,0,0,0,0,104,0,0,0,0,0,0,0,0,0,0,0,0,0,84,0,0,0,0,0,0,0,0,0,0,0,0,0,0,0,0,0,0,0,0,0,0,0,0,0,0,0,84,0,0,0,0,0,84,0,0,0,0,0,0,0,0,0,0,0,0,0,0,0,0,0,0,0,0,0,0,84,0,0,0,0,0,0,0,84,0,0,0,84,0,0,0,84,0,0,0,84,0,0,0,84,0,0,0,84,0,0,0,84,0,0,0,0,0,0,0,0,0,0,0,0,0,0,0,0,0,0,0,0,0,0,104,84,104,104,104,104,104,104,104,0,104,0,0,0,104,0,104,104,0,0,104,104,104,0,0,0,104,104,104,104,104,0,0,0,0,0,0,0,104,104,104,0,0,104,0,104,104,104,104,104,0,104,104,104
"91","SVA_3","OTC",84,84,84,84,0,84,84,84,84,0,84,84,84,84,84,0,0,84,0,0,0,82,84,84,84,84,84,84,84,84,84,0,84,0,84,84,84,84,84,84,84,0,0,84,84,0,0,0,0,0,84,0,0,0,0,0,0,0,0,0,0,0,0,0,84,0,0,0,0,0,0,0,0,0,0,0,0,0,0,0,0,0,0,0,0,0,0,0,0,0,0,0,76,0,0,0,0,0,68,0,0,0,0,0,0,0,0,0,0,0,0,0,0,0,0,0,0,0,0,0,0,84,0,0,0,0,0,0,0,84,0,0,0,84,0,0,0,84,0,0,0,84,0,0,0,84,0,0,0,84,0,0,0,84,0,0,0,0,0,0,0,0,0,0,0,0,0,0,0,0,0,0,0,0,0,0,84,84,84,84,84,84,84,84,84,0,84,0,0,0,84,0,84,84,0,0,84,84,84,0,0,0,84,84,84,84,84,0,0,0,0,0,0,0,84,84,84,0,0,84,0,84,84,84,84,84,0,84,84,84
"92","SVA_4","CTL",128,128,128,128,128,128,128,128,128,0,128,128,128,128,128,0,0,128,0,0,0,0,128,128,128,126,128,128,110,128,0,0,128,0,128,110,128,128,128,128,128,0,0,128,128,0,0,0,0,0,0,0,0,0,0,0,0,0,0,0,0,0,0,0,0,0,0,0,0,0,0,0,0,0,0,0,0,0,0,0,0,0,0,0,0,0,0,0,0,0,0,0,0,0,0,0,0,0,0,0,0,0,0,0,0,0,0,0,0,0,0,0,0,0,0,128,0,0,0,0,0,0,0,0,0,128,0,0,0,128,0,0,0,128,0,0,0,128,0,0,0,128,0,0,0,128,0,0,0,128,0,0,0,128,0,0,0,0,0,0,0,0,0,0,0,0,0,0,0,0,0,0,0,0,0,0,128,128,128,128,128,128,128,128,128,0,128,0,0,0,128,0,128,128,0,0,128,128,128,0,0,0,128,128,128,128,128,0,0,0,0,0,0,0,128,128,128,128,128,128,128,128,128,128,128,128,0,128,128,128
"93","SVA_4","OTC",131,131,131,131,131,131,131,131,131,0,131,131,131,131,131,0,0,131,0,0,0,0,131,131,131,131,131,131,113,131,0,0,131,0,131,113,131,131,131,131,131,0,0,131,131,0,0,0,0,0,0,0,0,0,0,0,0,0,0,0,0,0,0,0,0,0,0,0,0,0,0,0,0,0,0,0,0,0,0,0,0,0,0,0,0,0,0,0,0,0,0,0,0,0,0,0,0,0,0,0,0,0,0,0,0,0,0,0,0,0,0,0,0,0,0,131,0,0,0,0,0,0,0,0,0,131,0,0,0,131,0,0,0,131,0,0,0,131,0,0,0,131,0,0,0,131,0,0,0,131,0,0,0,131,0,0,0,0,0,0,0,0,0,0,0,0,0,0,0,0,0,0,0,0,0,0,131,131,131,131,131,131,131,131,131,0,131,0,0,0,131,0,131,131,0,0,131,131,131,0,0,0,131,131,131,131,131,0,0,0,0,0,0,0,131,131,131,131,131,131,131,131,131,131,131,131,0,131,131,131
"94","SVA_5","CTL",98,98,98,98,0,98,98,98,98,98,98,98,98,98,0,0,0,0,0,0,0,42,98,0,98,88,98,98,77,98,98,0,98,0,98,0,98,0,98,98,98,0,0,0,0,0,0,45,49,49,0,0,0,0,0,0,0,0,0,46,49,49,0,0,98,0,98,0,0,0,0,0,0,0,0,0,98,98,98,98,0,0,0,0,98,98,98,98,0,0,0,0,98,98,98,0,0,0,0,0,0,0,0,0,98,98,98,98,0,0,0,0,98,98,98,0,98,0,0,0,98,79,98,98,98,0,0,0,0,0,0,98,0,0,0,98,0,0,0,98,0,0,0,98,0,0,0,98,0,0,0,98,0,0,98,98,98,98,98,98,98,98,98,98,98,0,98,98,98,0,98,98,98,98,98,0,98,98,98,98,98,98,98,98,98,98,98,0,98,0,98,0,98,98,98,98,98,98,98,98,98,98,98,98,98,98,98,0,0,0,0,0,0,0,98,98,98,0,0,98,0,98,98,98,98,98,98,98,98,98
"95","SVA_5","OTC",98,98,98,98,0,98,98,98,98,98,98,98,98,98,0,0,0,0,0,0,0,44,98,0,98,89,98,98,85,98,98,0,98,0,98,0,98,0,98,98,98,0,0,0,0,0,0,45,49,49,0,0,0,0,0,0,0,0,0,48,49,49,0,0,98,0,98,0,0,0,0,0,0,0,0,0,78,98,98,98,0,0,0,0,88,98,98,98,0,0,0,0,98,98,98,0,0,0,0,0,0,0,0,0,78,98,98,98,0,0,0,0,98,98,98,0,98,0,0,0,98,98,98,98,98,0,0,0,0,0,0,98,0,0,0,98,0,0,0,98,0,0,0,98,0,0,0,98,0,0,0,98,0,0,98,98,98,98,98,98,98,98,98,98,98,0,98,98,98,0,98,98,98,98,98,0,98,98,98,98,98,98,98,98,98,98,98,0,98,0,98,0,98,98,98,98,98,98,98,98,98,98,98,98,98,98,98,0,0,0,0,0,0,0,98,98,98,0,0,98,0,98,98,98,98,98,98,98,98,98
"96","SVA_6","CTL",100,100,100,100,0,100,100,100,100,100,100,100,100,100,0,0,0,0,0,0,0,49,100,8,100,89,100,100,71,100,100,0,100,0,100,0,100,0,100,100,100,0,0,0,0,0,0,47,51,51,0,0,0,0,0,0,0,0,0,39,39,39,0,0,81,0,100,0,0,0,0,0,0,0,0,0,89,100,100,100,0,0,0,0,100,100,100,100,100,100,100,100,100,100,100,79,0,0,0,0,0,0,0,0,100,100,100,100,100,100,100,100,100,100,100,0,100,0,0,0,100,100,100,100,100,0,0,0,0,0,0,100,0,0,0,100,0,0,0,100,0,0,0,100,0,0,0,100,0,0,0,100,0,0,100,81,100,100,100,81,100,100,100,81,100,100,100,81,100,100,100,81,100,100,100,0,100,100,100,100,100,100,100,100,100,100,100,0,100,0,100,0,100,100,100,100,100,100,100,100,100,100,100,100,100,100,100,0,0,0,0,0,0,0,100,100,100,0,0,100,0,100,100,100,100,100,0,100,100,100
"97","SVA_6","OTC",100,100,100,100,0,100,100,100,100,100,100,100,100,100,0,0,0,0,0,0,0,50,100,9,100,89,100,100,71,100,100,0,100,0,100,0,100,0,100,100,100,0,0,0,0,0,0,47,50,50,0,0,0,0,0,0,0,0,0,40,40,40,0,0,81,0,100,0,0,0,0,0,0,0,0,0,78,100,100,100,0,0,0,0,100,100,100,100,100,100,100,100,100,100,100,58,0,0,0,0,0,0,0,0,100,100,100,100,100,100,100,100,100,100,100,0,100,0,0,0,100,100,100,100,100,0,0,0,0,0,0,100,0,0,0,100,0,0,0,100,0,0,0,100,0,0,0,100,0,0,0,100,0,0,100,81,100,100,100,81,100,100,100,81,100,100,100,81,100,100,100,81,100,100,100,0,100,100,100,100,100,100,100,100,100,100,100,0,100,0,100,0,100,100,100,100,100,100,100,100,100,100,100,100,100,100,100,0,0,0,0,0,0,0,100,100,100,0,0,100,0,100,100,100,100,100,0,100,100,100
"98","SVA_7","CTL",10,10,10,10,0,10,10,10,10,10,10,10,10,10,0,0,0,0,0,0,0,10,10,0,10,10,10,10,10,10,10,0,10,0,10,0,10,0,10,10,10,0,0,0,0,0,0,0,0,0,0,0,0,0,0,0,0,0,0,0,0,0,0,0,8,10,10,0,0,0,0,0,0,0,0,0,8,10,10,10,0,0,0,0,8,10,10,10,0,0,0,0,8,10,10,0,0,0,8,10,10,0,0,0,0,0,0,0,0,0,0,0,0,10,0,0,10,0,0,0,10,0,0,0,0,10,10,10,10,10,10,10,10,10,10,10,10,10,10,10,10,10,10,10,10,10,10,10,10,10,10,10,10,10,10,8,10,10,10,8,10,10,10,8,10,10,10,8,10,10,10,8,10,10,10,0,10,10,10,10,10,10,10,10,10,10,10,0,10,0,10,0,10,10,10,10,10,10,10,10,10,10,10,10,10,10,10,0,0,0,0,0,0,0,10,10,10,0,0,10,0,10,10,10,10,10,0,10,0,10
"99","SVA_7","OTC",8,8,8,8,0,8,8,8,8,8,8,8,8,8,0,0,0,0,0,0,0,8,8,0,8,8,8,8,8,8,8,0,8,0,8,0,8,0,8,8,8,0,0,0,0,0,0,0,0,0,0,0,0,0,0,0,0,0,0,0,0,0,0,0,6,8,8,0,0,0,0,0,0,0,0,0,6,8,8,8,0,0,0,0,6,8,8,8,0,0,0,0,6,8,8,0,0,0,6,8,8,0,0,0,0,0,0,0,0,0,0,0,0,8,0,0,8,0,0,0,8,0,0,0,0,8,8,8,8,8,8,8,8,8,8,8,8,8,8,8,8,8,8,8,8,8,8,8,8,8,8,8,8,8,8,6,8,8,8,6,8,8,8,6,8,8,8,6,8,8,8,6,8,8,8,0,8,8,8,8,8,8,8,8,8,8,8,0,8,0,8,0,8,8,8,8,8,8,8,8,8,8,8,8,8,8,8,0,0,0,0,0,0,0,8,8,8,0,0,8,0,8,8,8,8,8,0,8,0,8
"100","SVA_8","CTL",12,12,12,12,0,12,12,12,12,12,12,12,6,6,0,0,0,0,0,0,0,12,6,0,6,12,6,6,12,6,6,0,6,0,6,0,12,0,12,6,6,0,0,0,0,0,0,0,0,0,0,0,0,0,0,0,0,0,0,0,0,0,0,0,8,12,12,0,0,0,0,0,0,0,0,0,8,12,12,12,0,0,0,0,8,12,12,12,0,0,0,0,8,12,12,0,0,0,8,12,12,0,0,0,0,0,0,0,0,0,0,0,0,12,0,0,12,0,0,0,12,0,0,0,0,12,12,12,12,12,12,12,12,12,12,12,12,12,12,12,12,12,12,12,12,12,12,12,12,12,12,12,12,12,12,8,12,12,12,8,12,12,12,8,12,12,12,8,12,12,12,8,12,12,12,0,12,12,12,12,12,12,12,12,12,12,12,0,12,0,12,0,12,12,12,12,12,12,12,12,12,12,12,12,12,12,12,0,0,0,0,0,0,0,12,12,12,0,0,12,0,12,12,12,12,12,0,12,0,12
"101","SVA_8","OTC",8,8,8,8,0,8,8,8,8,8,8,8,4,4,0,0,0,0,0,0,0,8,4,0,4,8,4,4,8,4,4,0,4,0,4,0,8,0,8,4,4,0,0,0,0,0,0,0,0,0,0,0,0,0,0,0,0,0,0,0,0,0,0,0,6,8,8,0,0,0,0,0,0,0,0,0,6,8,8,8,0,0,0,0,6,8,8,8,0,0,0,0,6,8,8,0,0,0,6,8,8,0,0,0,0,0,0,0,0,0,0,0,0,8,0,0,8,0,0,0,8,0,0,0,0,8,8,8,8,8,8,8,8,8,8,8,8,8,8,8,8,8,8,8,8,8,8,8,8,8,8,8,8,8,8,6,8,8,8,6,8,8,8,6,8,8,8,6,8,8,8,6,8,8,8,0,8,8,8,8,8,8,8,8,8,8,8,0,8,0,8,0,8,8,8,8,8,8,8,8,8,8,8,8,8,8,8,0,0,0,0,0,0,0,8,8,8,0,0,8,0,8,8,8,8,8,0,8,0,8
"102","SVA_9","CTL",9,9,9,9,0,9,9,9,9,9,9,9,9,9,0,0,0,0,0,0,0,9,9,0,9,9,9,9,9,9,9,0,9,0,9,0,9,0,9,9,9,0,0,0,0,0,0,0,0,0,0,0,0,0,0,0,0,0,0,0,0,0,0,0,0,0,0,0,0,0,0,0,0,0,0,0,0,0,0,0,0,0,0,0,0,0,0,0,0,0,0,0,0,0,0,0,0,0,0,0,0,0,0,0,0,0,0,0,0,0,0,0,0,9,0,0,9,0,0,0,9,0,0,0,0,9,9,9,9,9,9,9,9,9,9,9,9,9,9,9,9,9,9,9,9,9,9,9,9,9,9,9,9,9,9,0,0,0,0,0,0,0,0,0,0,0,0,0,0,0,0,0,0,0,0,0,9,9,9,9,9,9,9,9,9,9,9,0,9,0,9,0,9,9,9,9,9,9,9,9,9,9,9,9,9,9,9,0,0,0,0,0,0,0,9,9,9,0,0,9,0,9,9,9,9,9,0,9,0,9
"103","SVA_9","OTC",8,8,8,8,0,8,8,8,8,8,8,8,8,8,0,0,0,0,0,0,0,8,8,0,8,8,8,8,8,8,8,0,8,0,8,0,8,0,8,8,8,0,0,0,0,0,0,0,0,0,0,0,0,0,0,0,0,0,0,0,0,0,0,0,0,0,0,0,0,0,0,0,0,0,0,0,0,0,0,0,0,0,0,0,0,0,0,0,0,0,0,0,0,0,0,0,0,0,0,0,0,0,0,0,0,0,0,0,0,0,0,0,0,8,0,0,8,0,0,0,8,0,0,0,0,8,8,8,8,8,8,8,8,8,8,8,8,8,8,8,8,8,8,8,8,8,8,8,8,8,8,8,8,8,8,0,0,0,0,0,0,0,0,0,0,0,0,0,0,0,0,0,0,0,0,0,8,8,8,8,8,8,8,8,8,8,8,0,8,0,8,0,8,8,8,8,8,8,8,8,8,8,8,8,8,8,8,0,0,0,0,0,0,0,8,8,8,0,0,8,0,8,8,8,8,8,0,8,0,8
"104","SWE_1","CTL",114,114,114,114,0,114,114,114,114,85,114,114,114,85,0,53,60,89,60,60,0,0,114,0,114,114,114,85,114,114,85,0,114,0,114,0,114,0,114,114,85,82,0,89,89,60,60,0,0,0,0,0,0,0,0,0,0,0,0,0,0,0,85,85,85,85,85,85,85,85,85,85,85,85,85,85,85,85,85,85,85,85,85,85,85,85,85,85,85,85,85,85,85,85,85,85,85,85,68,85,85,85,85,85,85,85,85,85,85,85,85,85,85,85,85,0,85,0,0,0,85,85,85,85,85,85,85,85,85,85,85,85,85,85,85,85,85,85,85,85,85,85,85,85,85,0,85,85,85,0,85,85,85,85,85,0,0,0,0,0,0,0,0,0,0,0,0,0,0,0,0,0,0,0,0,0,114,85,85,114,114,114,114,114,114,85,114,0,85,0,114,0,114,114,0,0,114,114,114,85,85,85,114,114,114,114,114,60,60,89,89,89,89,89,114,114,114,29,29,114,29,114,114,114,114,114,0,29,0,114
"105","SWE_1","OTC",115,115,115,115,0,115,115,115,115,85,115,115,115,85,0,53,60,90,60,60,0,0,115,0,115,115,115,85,115,115,85,0,115,0,115,0,115,0,115,115,85,83,0,90,90,60,60,0,0,0,0,0,0,0,0,0,0,0,0,0,0,0,85,85,85,85,85,85,85,85,85,85,85,85,85,85,85,85,85,85,85,85,85,85,85,85,85,85,85,85,85,85,85,85,85,85,85,85,85,85,85,85,85,85,85,85,85,85,85,85,85,85,85,85,85,0,85,0,0,0,85,85,85,85,85,85,85,85,85,85,85,85,85,85,85,85,85,85,85,85,85,85,85,85,85,0,85,85,85,0,85,85,85,85,85,0,0,0,0,0,0,0,0,0,0,0,0,0,0,0,0,0,0,0,0,0,115,85,85,115,115,115,115,115,115,85,115,0,85,0,115,0,115,115,0,0,115,115,115,85,85,85,115,115,115,115,115,60,60,90,90,90,90,90,115,115,115,30,30,115,30,115,115,115,115,115,0,30,0,115
"106","SWE_12","CTL",83,83,83,83,0,83,83,83,83,83,83,83,83,83,40,0,0,0,0,0,0,35,83,34,83,35,83,0,35,83,0,0,83,0,83,0,83,40,83,83,83,0,0,0,0,0,0,0,0,0,0,0,0,0,0,0,0,0,0,0,0,0,0,0,48,0,48,48,48,48,48,48,48,48,48,48,0,35,0,35,0,35,35,35,0,35,0,35,0,35,35,35,0,35,35,0,35,35,48,83,48,48,83,48,48,83,48,48,0,0,0,0,48,83,48,0,83,0,0,0,83,35,35,35,35,0,0,0,0,48,48,83,48,48,48,83,48,48,48,83,48,48,48,83,48,48,48,83,48,48,48,83,48,48,83,0,0,0,0,0,0,0,0,0,0,0,0,0,0,0,0,0,0,0,0,0,83,83,83,83,83,83,83,83,83,83,83,0,83,0,83,83,83,83,0,83,83,83,83,83,83,83,83,83,83,83,83,0,0,0,0,0,0,0,83,83,83,0,0,83,0,83,83,83,83,83,0,83,83,83
"107","SWE_12","OTC",83,83,83,83,0,83,83,83,83,83,83,83,83,83,40,0,0,0,0,0,0,35,83,35,83,35,83,0,35,83,0,0,83,0,83,0,83,40,83,83,83,0,0,0,0,0,0,0,0,0,0,0,0,0,0,0,0,0,0,0,0,0,0,0,48,0,48,48,48,48,48,48,48,48,48,48,0,35,0,35,0,35,35,35,0,35,0,35,0,35,35,35,0,35,35,0,35,35,48,83,48,48,83,48,48,83,48,48,0,0,0,0,48,83,48,0,83,0,0,0,83,35,35,35,35,0,0,0,0,48,48,83,48,48,48,83,48,48,48,83,48,48,48,83,48,48,48,83,48,48,48,83,48,48,83,0,0,0,0,0,0,0,0,0,0,0,0,0,0,0,0,0,0,0,0,0,83,83,83,83,83,83,83,83,83,83,83,0,83,0,83,83,83,83,0,83,83,83,83,83,83,83,83,83,83,83,83,0,0,0,0,0,0,0,83,83,83,0,0,83,0,83,83,83,83,83,0,83,83,83
"108","SWE_14","CTL",30,30,30,30,0,30,30,30,30,30,30,30,30,30,0,0,0,0,0,0,0,30,30,30,30,30,30,0,30,30,0,0,30,0,30,0,30,0,30,30,30,0,0,0,0,0,0,0,0,0,0,0,0,0,0,0,0,0,0,0,0,0,0,0,0,0,0,0,0,0,0,0,0,0,0,0,0,30,0,30,0,30,30,30,0,30,0,30,0,30,30,30,0,30,30,0,30,30,0,30,0,0,30,0,0,30,0,0,0,0,0,0,0,30,0,0,30,0,0,0,30,30,30,30,30,0,0,0,0,0,0,30,0,0,0,30,0,0,0,30,0,0,0,30,0,0,0,30,0,0,0,30,0,0,30,0,0,0,0,0,0,0,0,0,0,0,0,0,0,0,0,0,0,0,0,0,30,30,30,30,30,30,30,30,30,30,30,0,30,0,30,30,30,30,0,30,30,30,30,30,30,30,30,30,30,30,30,0,0,0,0,0,0,0,30,30,30,0,0,30,0,30,30,30,30,30,0,30,30,30
"109","SWE_14","OTC",30,30,30,30,0,30,30,30,30,30,30,30,30,30,0,0,0,0,0,0,0,30,30,29,30,29,30,0,30,30,0,0,30,0,30,0,30,0,30,30,30,0,0,0,0,0,0,0,0,0,0,0,0,0,0,0,0,0,0,0,0,0,0,0,0,0,0,0,0,0,0,0,0,0,0,0,0,30,0,30,0,30,30,30,0,30,0,30,0,30,30,30,0,30,30,0,30,30,0,30,0,0,30,0,0,30,0,0,0,0,0,0,0,30,0,0,30,0,0,0,30,30,30,30,30,0,0,0,0,0,0,30,0,0,0,30,0,0,0,30,0,0,0,30,0,0,0,30,0,0,0,30,0,0,30,0,0,0,0,0,0,0,0,0,0,0,0,0,0,0,0,0,0,0,0,0,30,30,30,30,30,30,30,30,30,30,30,0,30,0,30,30,30,30,0,30,30,30,30,30,30,30,30,30,30,30,30,0,0,0,0,0,0,0,30,30,30,0,0,30,0,30,30,30,30,30,0,30,30,30
"110","SWE_15","CTL",57,57,57,57,0,57,57,57,57,57,57,57,57,57,35,0,0,0,0,0,0,15,57,15,57,15,57,0,15,57,0,0,57,0,57,0,57,35,57,57,57,0,0,0,0,0,0,0,0,0,0,0,0,0,0,0,0,0,0,0,0,0,0,0,42,42,42,42,42,42,42,42,42,42,42,42,15,15,15,57,15,15,15,57,15,15,15,57,15,15,15,57,15,15,57,15,15,57,57,57,57,57,57,57,57,57,57,57,0,0,0,42,57,57,42,0,57,0,0,0,57,0,15,15,15,0,0,0,0,42,42,57,42,42,42,57,42,42,42,57,42,42,42,57,42,42,42,57,42,42,42,57,42,42,57,0,0,0,0,0,0,0,0,0,0,0,0,0,0,0,0,0,0,0,0,0,57,57,57,57,57,57,57,57,57,57,57,0,57,0,57,57,57,57,0,57,57,57,57,57,57,57,57,57,57,57,57,0,0,0,0,0,0,0,57,57,57,0,0,57,0,57,57,57,57,57,0,57,57,57
"111","SWE_15","OTC",57,57,57,57,0,57,57,57,57,57,57,57,57,57,35,0,0,0,0,0,0,15,57,15,57,15,57,0,15,57,0,0,57,0,57,0,57,35,57,57,57,0,0,0,0,0,0,0,0,0,0,0,0,0,0,0,0,0,0,0,0,0,0,0,42,42,42,42,42,42,42,42,42,42,42,42,15,15,15,57,15,15,15,57,15,15,15,57,15,15,15,57,15,15,57,15,15,57,57,57,57,57,57,57,57,57,57,57,0,0,0,42,57,57,42,0,57,0,0,0,57,15,15,15,15,0,0,0,0,42,42,57,42,42,42,57,42,42,42,57,42,42,42,57,42,42,42,57,42,42,42,57,42,42,57,0,0,0,0,0,0,0,0,0,0,0,0,0,0,0,0,0,0,0,0,0,57,57,57,57,57,57,57,57,57,57,57,0,57,0,57,57,57,57,0,57,57,57,57,57,57,57,57,57,57,57,57,0,0,0,0,0,0,0,57,57,57,0,0,57,0,57,57,57,57,57,0,57,57,57
"112","SWE_16","CTL",221,221,221,221,0,221,221,221,221,221,221,221,221,221,18,47,94,123,123,94,0,0,221,64,221,120,221,109,107,221,109,112,221,99,221,0,221,18,221,221,221,47,0,123,123,123,123,64,74,74,59,74,74,2,74,74,0,0,0,0,0,0,0,0,221,29,221,221,0,0,0,0,0,0,0,0,221,221,221,221,0,0,0,0,0,0,0,0,0,0,0,0,0,0,0,0,0,0,0,0,0,0,0,0,221,221,221,221,0,0,0,0,0,221,0,0,221,0,0,0,221,0,0,0,0,0,0,0,0,221,221,221,221,221,221,221,221,221,221,221,221,221,221,221,221,123,123,221,168,123,123,221,168,221,221,0,0,0,0,0,0,0,0,0,0,0,0,0,0,0,0,0,0,0,0,0,221,221,221,221,221,221,221,221,221,221,221,0,221,0,221,0,221,221,221,0,221,221,221,221,221,221,221,221,221,221,221,94,94,94,94,94,94,94,221,221,221,221,221,221,0,221,221,221,221,221,0,221,221,221
"113","SWE_16","OTC",296,296,296,296,75,296,296,296,296,296,296,296,296,296,18,48,94,123,123,94,0,0,296,99,296,192,296,184,177,296,184,104,296,166,296,0,296,18,296,296,296,48,0,123,123,123,123,100,114,114,89,114,114,3,114,114,0,0,0,0,0,0,0,0,203,29,296,296,0,0,0,0,0,0,0,0,203,296,296,296,0,0,0,0,0,0,0,0,0,0,0,0,0,0,0,0,0,0,0,0,0,0,0,0,203,296,296,296,0,0,0,0,0,296,0,0,296,0,0,0,296,0,0,0,0,0,0,0,0,203,296,296,296,203,296,296,296,203,296,296,296,203,296,296,296,123,123,296,208,123,123,296,208,203,296,0,0,0,0,0,0,0,0,0,0,0,0,0,0,0,0,0,0,0,0,0,296,296,296,296,296,296,296,296,296,296,296,0,296,0,296,0,296,296,296,0,296,296,296,296,296,296,296,296,296,296,296,94,94,94,94,94,94,94,296,296,296,296,296,296,0,296,296,296,296,296,0,296,296,296
"114","SWE_16","OTCxSNOWFENCE",501,501,501,501,482,501,501,501,501,501,501,501,501,501,19,95,190,277,277,190,0,0,501,157,501,296,501,292,286,501,292,286,501,268,501,0,501,19,501,501,501,95,0,277,277,277,277,191,222,222,164,222,222,5,222,222,0,0,0,0,0,0,0,0,296,87,501,501,0,0,0,0,0,0,0,0,296,501,501,501,0,0,0,0,0,0,0,0,0,0,0,0,0,0,0,0,0,0,0,0,0,0,0,0,421,501,501,501,0,0,0,0,0,501,0,0,501,0,0,0,501,0,0,0,0,0,0,0,0,343,501,501,501,343,501,501,501,343,501,501,501,343,501,501,501,119,277,501,412,119,277,501,412,343,501,0,0,0,0,0,0,0,0,0,0,0,0,0,0,0,0,0,0,0,0,0,501,501,501,501,501,501,501,501,501,501,501,0,501,0,501,0,501,501,501,0,501,501,501,501,501,501,501,501,501,501,501,190,190,190,190,190,190,190,501,501,501,501,501,501,0,501,501,501,501,501,0,501,501,501
"115","SWE_16","SNOWFENCE",74,74,74,74,0,74,74,74,74,74,74,74,74,74,0,0,0,29,29,0,0,0,74,29,74,69,74,74,72,74,74,64,74,65,74,0,74,0,74,74,74,0,0,29,29,29,29,64,74,74,55,74,74,1,74,74,0,0,0,0,0,0,0,0,0,29,74,74,0,0,0,0,0,0,0,0,0,74,74,74,0,0,0,0,0,0,0,0,0,0,0,0,0,0,0,0,0,0,0,0,0,0,0,0,29,74,74,74,0,0,0,0,0,74,0,0,74,0,0,0,74,0,0,0,0,0,0,0,0,45,74,74,74,45,74,74,74,45,74,74,74,45,74,74,74,0,29,74,74,0,29,74,74,45,74,0,0,0,0,0,0,0,0,0,0,0,0,0,0,0,0,0,0,0,0,0,74,74,74,74,74,74,74,74,74,74,74,0,74,0,74,0,74,74,74,0,74,74,74,74,74,74,74,74,74,74,74,0,0,0,0,0,0,0,74,74,74,74,74,74,0,74,74,74,74,74,0,74,74,74
"116","SWE_17","CTL",12,12,12,12,0,12,12,12,12,12,12,12,12,12,0,0,0,0,0,0,0,12,12,0,12,12,12,12,12,12,12,0,12,0,12,0,12,0,12,12,12,0,0,0,0,0,0,0,0,0,0,0,0,0,0,0,0,0,0,12,12,0,0,0,0,0,0,0,12,12,12,12,0,0,0,0,0,0,0,0,0,0,0,0,0,0,0,0,0,0,0,0,0,0,0,0,0,0,12,12,12,0,0,0,12,12,12,12,0,0,0,0,12,12,12,12,12,12,0,0,12,0,0,0,0,0,0,0,0,12,12,12,12,12,12,12,12,12,12,12,12,12,12,12,12,12,12,12,12,12,12,12,12,12,12,0,0,0,0,0,0,0,0,0,0,0,0,0,0,0,0,0,0,0,0,0,12,12,12,12,12,12,12,12,12,12,12,0,12,0,12,0,12,12,0,12,12,12,12,12,12,12,12,12,12,0,12,0,0,0,0,0,0,0,12,12,0,12,0,12,12,12,12,0,12,12,12,12,12,12
"117","SWE_17","SNOWFENCE",6,6,6,6,0,6,6,6,6,6,6,6,6,6,0,0,0,0,0,0,0,6,6,0,6,6,6,6,5,6,6,0,6,0,6,0,6,0,6,6,6,0,0,0,0,0,0,0,0,0,0,0,0,0,0,0,0,0,0,6,6,0,0,0,0,0,0,0,6,6,6,6,0,0,0,0,0,0,0,0,0,0,0,0,0,0,0,0,0,0,0,0,0,0,0,0,0,0,6,6,6,0,0,0,6,6,6,6,0,0,0,0,6,6,6,6,6,6,0,0,6,0,0,0,0,0,0,0,0,6,6,6,6,6,6,6,6,6,6,6,6,6,6,6,6,6,6,6,6,6,6,6,6,6,6,0,0,0,0,0,0,0,0,0,0,0,0,0,0,0,0,0,0,0,0,0,6,6,6,6,6,6,6,6,6,6,6,0,6,0,6,0,6,6,0,6,6,6,6,6,6,6,6,6,6,0,6,0,0,0,0,0,0,0,6,6,0,6,0,6,6,6,6,0,6,6,6,6,6,6
"118","SWE_18","CTL",12,12,12,12,0,12,12,12,12,12,12,12,12,12,0,0,0,0,0,0,0,12,12,0,12,12,12,12,12,12,12,0,12,0,12,0,12,0,12,12,12,0,0,0,0,0,0,0,0,0,0,0,0,0,0,0,0,0,0,12,12,0,0,0,0,0,0,0,12,12,12,12,0,0,0,0,0,0,0,0,0,0,0,0,0,0,0,0,0,0,0,0,0,0,0,0,0,0,12,12,12,0,0,0,12,12,12,12,0,0,0,0,12,12,12,12,12,12,0,0,12,0,0,0,0,0,0,0,0,12,12,12,12,12,12,12,12,12,12,12,12,12,12,12,12,0,12,12,12,12,12,12,12,12,12,0,0,0,0,0,0,0,0,0,0,0,0,0,0,0,0,0,0,0,0,0,12,12,12,12,12,12,12,12,12,12,12,0,12,0,12,0,12,12,0,12,12,12,12,12,12,12,12,12,12,0,12,0,0,0,0,0,0,0,12,12,0,12,0,12,12,12,12,0,12,12,12,12,12,12
"119","SWE_18","SNOWFENCE",6,6,6,6,0,6,6,6,6,6,6,6,6,6,0,0,0,0,0,0,0,6,6,0,6,6,6,6,6,6,6,0,6,0,6,0,6,0,6,6,6,0,0,0,0,0,0,0,0,0,0,0,0,0,0,0,0,0,0,6,6,0,0,0,0,0,0,0,6,6,6,6,0,0,0,0,0,0,0,0,0,0,0,0,0,0,0,0,0,0,0,0,0,0,0,0,0,0,6,6,6,0,0,0,6,6,6,6,0,0,0,0,6,6,6,6,6,6,0,0,6,0,0,0,0,0,0,0,0,6,6,6,6,6,6,6,6,6,6,6,6,6,6,6,6,0,6,6,6,6,6,6,6,6,6,0,0,0,0,0,0,0,0,0,0,0,0,0,0,0,0,0,0,0,0,0,6,6,6,6,6,6,6,6,6,6,6,0,6,0,6,0,6,6,0,6,6,6,6,6,6,6,6,6,6,0,6,0,0,0,0,0,0,0,6,6,0,6,0,6,6,6,6,0,6,6,6,6,6,6
"120","SWE_2","CTL",94,94,94,94,0,94,94,94,94,68,94,94,94,68,0,47,48,74,48,48,0,0,94,0,94,94,94,94,94,94,94,0,94,0,94,0,94,0,94,94,68,73,0,74,74,48,48,0,0,0,0,0,0,0,0,0,0,0,0,0,0,0,68,68,68,68,68,68,68,68,68,68,68,68,68,68,68,68,68,68,68,68,68,68,68,68,68,68,68,68,68,68,68,68,68,68,68,68,51,68,68,68,68,68,68,68,68,68,68,68,68,68,68,68,68,0,68,0,0,0,68,68,68,68,68,68,68,68,68,63,68,68,68,63,68,68,68,63,68,68,68,63,68,68,68,0,68,68,68,0,68,68,68,63,68,0,0,0,0,0,0,0,0,0,0,0,0,0,0,0,0,0,0,0,0,0,94,68,68,94,94,94,94,94,94,68,94,0,68,0,94,0,94,94,0,0,94,94,94,68,68,68,94,94,94,94,94,48,48,74,74,74,74,74,94,94,94,26,26,94,26,94,94,94,94,94,0,26,0,94
"121","SWE_2","OTC",94,94,94,94,0,94,94,94,94,68,94,94,94,68,0,47,48,74,48,48,0,0,94,0,94,94,94,94,94,94,94,0,94,0,94,0,94,0,94,94,68,73,0,74,74,48,48,0,0,0,0,0,0,0,0,0,0,0,0,0,0,0,68,68,68,68,68,68,68,68,68,68,68,68,68,68,68,68,68,68,68,68,68,68,68,68,68,68,68,68,68,68,68,68,68,68,68,68,68,68,68,68,68,68,68,68,68,68,68,68,68,68,68,68,68,0,68,0,0,0,68,68,68,68,68,68,68,68,68,68,68,68,68,68,68,68,68,68,68,68,68,68,68,68,68,0,68,68,68,0,68,68,68,68,68,0,0,0,0,0,0,0,0,0,0,0,0,0,0,0,0,0,0,0,0,0,94,68,68,94,94,94,94,94,94,68,94,0,68,0,94,0,94,94,0,0,94,94,94,68,68,68,94,94,94,94,94,48,48,74,74,74,74,74,94,94,94,26,26,94,26,94,94,94,94,94,0,26,0,94
"122","SWE_3","CTL",116,116,116,116,0,116,116,116,116,89,116,116,116,89,0,60,60,87,60,60,0,0,116,0,116,116,116,116,116,116,116,0,116,0,116,0,116,0,116,116,89,87,0,87,87,60,60,0,0,0,0,0,0,0,0,0,0,0,0,0,0,0,89,89,89,89,89,89,89,89,89,89,89,89,89,89,89,89,89,89,89,89,89,89,89,89,89,89,89,89,89,89,89,89,89,89,89,89,89,89,89,89,89,89,89,89,89,89,89,89,89,89,89,89,89,0,89,0,0,0,89,89,89,89,89,89,89,89,89,89,89,89,89,89,89,89,89,89,89,89,89,89,89,89,89,0,89,89,89,0,89,89,89,89,89,0,0,0,0,0,0,0,0,0,0,0,0,0,0,0,0,0,0,0,0,0,116,89,89,116,116,116,116,116,116,89,27,0,89,0,116,0,116,116,0,89,116,116,116,89,89,89,116,116,116,116,116,60,60,87,87,87,87,87,116,116,116,27,27,116,27,116,116,116,116,116,0,27,0,116
"123","SWE_3","OTC",119,119,119,119,0,115,119,119,119,90,119,119,119,90,0,60,60,89,60,60,0,0,119,0,119,119,119,119,119,119,119,0,119,0,119,0,119,0,119,119,90,89,0,89,89,60,60,0,0,0,0,0,0,0,0,0,0,0,0,0,0,0,90,90,90,90,90,90,90,90,90,90,90,90,90,90,90,90,90,90,90,90,90,90,90,90,90,90,90,90,90,90,90,90,90,90,90,90,90,90,90,90,90,90,90,90,90,90,90,90,90,90,90,90,90,0,90,0,0,0,90,90,90,90,90,90,90,90,90,90,90,90,90,90,90,90,90,90,90,90,90,90,90,90,90,0,90,90,90,0,90,90,90,90,90,0,0,0,0,0,0,0,0,0,0,0,0,0,0,0,0,0,0,0,0,0,119,90,90,119,119,119,119,119,119,90,29,0,90,0,119,0,119,119,0,90,119,119,119,90,90,90,119,119,119,119,119,60,60,89,89,89,89,89,119,119,119,29,29,119,29,119,119,119,119,119,0,29,0,119
"124","SWE_4","CTL",109,109,109,109,0,109,109,109,109,81,109,109,109,81,0,50,51,79,51,51,0,0,109,0,109,108,109,109,108,109,109,0,109,0,109,0,109,0,109,109,81,78,0,79,79,51,51,0,0,0,0,0,0,0,0,0,0,0,0,0,0,0,81,81,81,81,81,81,81,81,81,81,81,81,81,81,81,81,81,81,81,81,81,81,81,81,81,81,81,81,81,81,81,81,81,81,81,81,81,81,81,64,81,81,81,81,81,81,81,81,81,81,81,81,81,0,81,0,0,0,81,81,81,81,81,81,81,81,81,69,81,81,81,69,81,81,81,69,81,81,81,69,81,81,81,0,81,81,81,0,81,81,81,61,81,0,0,0,0,0,0,0,0,0,0,0,0,0,0,0,0,0,0,0,0,0,109,81,81,109,109,109,109,109,109,81,28,0,81,0,109,0,109,109,0,0,109,109,109,81,81,81,109,109,109,109,109,51,51,79,79,79,79,79,109,109,109,28,28,109,28,109,109,109,109,109,0,28,0,109
"125","SWE_4","OTC",113,113,113,113,0,113,113,113,113,83,113,113,113,83,0,47,53,83,53,53,0,0,113,0,113,112,113,113,112,113,113,0,113,0,113,0,113,0,113,113,83,77,0,83,83,53,53,0,0,0,0,0,0,0,0,0,0,0,0,0,0,0,83,83,83,83,83,83,83,83,83,83,83,83,83,83,83,83,83,83,83,83,83,83,83,83,83,83,83,83,83,83,83,83,83,83,83,83,49,83,83,83,83,83,83,83,83,83,83,83,83,83,83,83,83,0,83,0,0,0,83,83,83,83,83,83,83,83,83,83,83,83,83,83,83,83,83,83,83,83,83,83,83,83,83,0,83,83,83,0,83,83,83,83,83,0,0,0,0,0,0,0,0,0,0,0,0,0,0,0,0,0,0,0,0,0,113,83,83,113,113,113,113,113,113,83,30,0,83,0,113,0,113,113,0,0,113,113,113,83,83,83,113,113,113,113,113,53,53,83,83,83,83,83,113,113,113,30,30,113,30,113,113,113,113,113,0,30,0,113
"126","SWE_5","CTL",97,97,97,97,0,97,97,97,97,67,97,97,97,67,0,49,49,79,49,49,0,0,97,0,97,97,97,97,97,97,97,0,97,0,97,0,97,0,97,97,67,79,0,79,79,49,49,0,0,0,0,0,0,0,0,0,0,0,0,0,0,0,67,67,67,67,67,67,67,67,67,67,53,67,67,67,67,67,67,67,53,67,67,67,67,67,67,67,53,67,67,67,67,67,67,53,67,67,67,67,67,53,67,67,67,67,67,67,53,67,67,67,67,67,67,0,67,0,0,0,67,67,67,67,67,67,67,67,67,67,67,67,67,67,67,67,67,67,67,67,67,67,67,67,67,0,67,67,67,0,67,67,67,67,67,0,0,0,0,0,0,0,0,0,0,0,0,0,0,0,0,0,0,0,0,0,97,67,67,97,97,97,97,97,97,67,97,0,67,0,97,0,97,97,0,0,97,97,97,67,67,67,97,97,97,97,97,49,49,79,79,79,79,79,97,97,97,30,30,97,30,97,97,97,97,97,0,30,0,97
"127","SWE_5","OTC",95,95,95,95,0,95,95,95,95,66,95,95,95,66,0,48,48,77,48,48,0,0,95,0,95,95,95,95,94,95,95,0,95,0,95,0,95,0,95,95,66,77,0,77,77,48,48,0,0,0,0,0,0,0,0,0,0,0,0,0,0,0,66,66,66,66,66,66,66,66,66,66,52,66,66,66,66,66,66,66,52,66,66,66,66,66,66,66,52,66,66,66,66,66,66,52,66,66,38,66,66,52,66,66,66,66,66,66,52,66,66,66,66,66,66,0,66,0,0,0,66,66,66,66,66,66,66,66,66,66,66,66,66,66,66,66,66,66,66,66,66,66,66,66,66,0,66,66,66,0,66,66,66,66,66,0,0,0,0,0,0,0,0,0,0,0,0,0,0,0,0,0,0,0,0,0,95,66,66,95,95,95,95,95,95,66,95,0,66,0,95,0,95,95,0,0,95,95,95,66,66,66,95,95,95,95,95,48,48,77,77,77,77,77,95,95,95,29,29,95,29,95,95,95,95,95,0,29,0,95
"128","SWE_6","CTL",123,123,123,123,0,123,123,123,123,123,123,123,123,123,123,83,83,83,83,83,83,4,123,40,123,123,123,123,123,123,123,0,123,0,123,0,123,123,123,123,123,83,83,83,83,83,83,40,40,40,22,22,22,0,22,22,0,0,0,0,0,0,0,0,40,40,40,40,40,40,40,40,0,0,0,0,123,123,123,123,0,0,0,0,123,83,123,83,0,0,0,0,123,123,123,0,0,0,56,83,83,0,0,0,123,123,123,123,0,0,0,0,123,123,0,123,123,0,0,0,123,0,0,0,0,123,123,123,123,123,123,123,123,123,123,123,123,123,123,123,123,123,123,123,123,123,123,123,123,123,123,123,123,123,123,0,0,0,0,0,0,0,0,0,0,0,0,0,0,0,0,0,0,0,0,0,123,123,123,123,123,123,123,123,123,123,123,0,123,0,123,0,123,123,0,123,123,123,123,123,123,123,123,123,123,123,123,83,83,83,83,83,83,83,123,123,123,0,0,123,0,123,123,123,123,0,0,123,123,123
"129","SWE_6","OTC",123,123,123,123,0,123,123,123,123,121,123,123,123,123,123,83,83,83,83,83,83,4,123,40,123,123,123,123,123,123,123,0,123,0,123,0,123,123,123,123,123,83,83,83,83,83,83,40,40,40,22,22,22,0,22,22,0,0,0,0,0,0,0,0,38,40,40,40,38,40,40,40,0,0,0,0,121,123,123,123,0,0,0,0,121,83,123,83,0,0,0,0,121,123,123,0,0,0,69,83,83,0,0,0,121,123,123,123,0,0,0,0,121,123,0,121,123,0,0,0,123,0,0,0,0,121,123,123,123,121,123,123,123,121,123,123,123,121,123,123,123,121,123,123,123,121,123,123,123,121,123,123,123,121,123,0,0,0,0,0,0,0,0,0,0,0,0,0,0,0,0,0,0,0,0,0,123,123,123,123,123,123,123,123,123,123,123,0,123,0,123,0,123,123,0,123,123,123,123,123,123,123,123,123,123,123,123,83,83,83,83,83,83,83,123,123,123,0,0,123,0,123,123,123,123,0,0,123,123,123
"130","SWE_7","CTL",114,114,114,114,0,114,114,114,114,114,114,114,114,114,0,0,0,0,0,0,0,114,114,114,114,114,114,114,114,114,114,0,114,0,114,0,114,0,114,114,114,0,0,0,0,0,0,0,0,0,0,0,0,0,0,0,0,0,0,0,0,0,0,0,114,114,114,114,114,114,114,114,114,114,114,114,114,114,114,114,114,114,114,114,114,114,114,114,114,114,114,114,114,114,114,114,114,114,114,114,114,114,114,114,114,114,0,114,114,114,0,114,114,114,114,114,114,114,0,0,114,0,0,0,0,0,0,0,0,114,114,114,114,114,114,114,114,114,114,114,114,114,114,114,114,114,114,114,114,114,114,114,114,114,114,76,114,114,114,76,114,114,114,76,114,114,114,76,114,114,114,76,114,114,114,0,114,114,114,114,114,114,114,114,114,114,114,0,114,0,114,0,114,114,0,114,114,114,114,114,114,114,114,114,114,114,114,0,0,0,0,0,0,0,114,114,114,0,0,114,0,114,114,114,114,114,0,114,0,114
"131","SWE_7","OTC",114,114,114,114,0,114,114,114,114,114,114,114,114,114,0,0,0,0,0,0,0,114,114,114,114,114,114,114,114,114,114,0,114,0,114,0,114,0,114,114,114,0,0,0,0,0,0,0,0,0,0,0,0,0,0,0,0,0,0,0,0,0,0,0,114,114,114,114,114,114,114,114,114,114,114,114,114,114,114,114,114,114,114,114,114,114,114,114,114,114,114,114,114,114,114,114,114,114,114,114,114,114,114,114,114,114,0,114,114,114,0,114,114,114,114,114,114,114,0,0,114,0,0,0,0,0,0,0,0,114,114,114,114,114,114,114,114,114,114,114,114,114,114,114,114,114,114,114,114,114,114,114,114,114,114,38,114,114,114,38,114,114,114,38,114,114,114,38,114,114,114,38,114,114,114,0,114,114,114,114,114,114,114,114,114,114,114,0,114,0,114,0,114,114,0,114,114,114,114,114,114,114,114,114,114,114,114,0,0,0,0,0,0,0,114,114,114,0,0,114,0,114,114,114,114,114,0,114,0,114
